--
-- PostgreSQL database dump
--

-- Dumped from database version 10.12 (Ubuntu 10.12-0ubuntu0.18.04.1)
-- Dumped by pg_dump version 10.12 (Ubuntu 10.12-0ubuntu0.18.04.1)

SET statement_timeout = 0;
SET lock_timeout = 0;
SET idle_in_transaction_session_timeout = 0;
SET client_encoding = 'UTF8';
SET standard_conforming_strings = on;
SELECT pg_catalog.set_config('search_path', '', false);
SET check_function_bodies = false;
SET xmloption = content;
SET client_min_messages = warning;
SET row_security = off;

--
-- Name: plpgsql; Type: EXTENSION; Schema: -; Owner: 
--

CREATE EXTENSION IF NOT EXISTS plpgsql WITH SCHEMA pg_catalog;


--
-- Name: EXTENSION plpgsql; Type: COMMENT; Schema: -; Owner: 
--

COMMENT ON EXTENSION plpgsql IS 'PL/pgSQL procedural language';


SET default_tablespace = '';

SET default_with_oids = false;

--
-- Name: solution; Type: TABLE; Schema: public; Owner: postgres
--

CREATE TABLE public.solution (
    task_id integer NOT NULL,
    student_id integer NOT NULL,
    file bytea,
    originality numeric(4,1) NOT NULL,
    subject_id integer NOT NULL,
    fingerprint character varying(9)[],
    id integer NOT NULL,
    reference_id integer,
    created_at timestamp with time zone DEFAULT now() NOT NULL,
    file_name character varying(15)
);


ALTER TABLE public.solution OWNER TO postgres;

--
-- Name: solution_id_seq; Type: SEQUENCE; Schema: public; Owner: postgres
--

CREATE SEQUENCE public.solution_id_seq
    AS integer
    START WITH 1
    INCREMENT BY 1
    NO MINVALUE
    NO MAXVALUE
    CACHE 1;


ALTER TABLE public.solution_id_seq OWNER TO postgres;

--
-- Name: solution_id_seq; Type: SEQUENCE OWNED BY; Schema: public; Owner: postgres
--

ALTER SEQUENCE public.solution_id_seq OWNED BY public.solution.id;


--
-- Name: student; Type: TABLE; Schema: public; Owner: postgres
--

CREATE TABLE public.student (
    id integer NOT NULL,
    name character varying(50) NOT NULL,
    password character varying(25) NOT NULL,
    group_number character varying(4) NOT NULL,
    login character varying(25) NOT NULL,
    created_at timestamp with time zone DEFAULT now() NOT NULL
);


ALTER TABLE public.student OWNER TO postgres;

--
-- Name: student_id_seq; Type: SEQUENCE; Schema: public; Owner: postgres
--

CREATE SEQUENCE public.student_id_seq
    AS integer
    START WITH 1
    INCREMENT BY 1
    NO MINVALUE
    NO MAXVALUE
    CACHE 1;


ALTER TABLE public.student_id_seq OWNER TO postgres;

--
-- Name: student_id_seq; Type: SEQUENCE OWNED BY; Schema: public; Owner: postgres
--

ALTER SEQUENCE public.student_id_seq OWNED BY public.student.id;


--
-- Name: subject; Type: TABLE; Schema: public; Owner: postgres
--

CREATE TABLE public.subject (
    id integer NOT NULL,
    name character varying(50) NOT NULL,
    created_at timestamp with time zone DEFAULT now() NOT NULL
);


ALTER TABLE public.subject OWNER TO postgres;

--
-- Name: subject_subject_id_seq; Type: SEQUENCE; Schema: public; Owner: postgres
--

CREATE SEQUENCE public.subject_subject_id_seq
    AS integer
    START WITH 1
    INCREMENT BY 1
    NO MINVALUE
    NO MAXVALUE
    CACHE 1;


ALTER TABLE public.subject_subject_id_seq OWNER TO postgres;

--
-- Name: subject_subject_id_seq; Type: SEQUENCE OWNED BY; Schema: public; Owner: postgres
--

ALTER SEQUENCE public.subject_subject_id_seq OWNED BY public.subject.id;


--
-- Name: task; Type: TABLE; Schema: public; Owner: postgres
--

CREATE TABLE public.task (
    id integer NOT NULL,
    name character varying(100) NOT NULL,
    exts character varying(10)[],
    groups character varying(4)[],
    subject_id integer NOT NULL,
    teacher_id integer NOT NULL,
    description character varying(500),
    bound smallint DEFAULT 60 NOT NULL,
    created_at timestamp with time zone DEFAULT now() NOT NULL,
    check_type character varying(7) DEFAULT 'task'::character varying NOT NULL
);


ALTER TABLE public.task OWNER TO postgres;

--
-- Name: task_id_seq; Type: SEQUENCE; Schema: public; Owner: postgres
--

CREATE SEQUENCE public.task_id_seq
    AS integer
    START WITH 1
    INCREMENT BY 1
    NO MINVALUE
    NO MAXVALUE
    CACHE 1;


ALTER TABLE public.task_id_seq OWNER TO postgres;

--
-- Name: task_id_seq; Type: SEQUENCE OWNED BY; Schema: public; Owner: postgres
--

ALTER SEQUENCE public.task_id_seq OWNED BY public.task.id;


--
-- Name: teacher; Type: TABLE; Schema: public; Owner: postgres
--

CREATE TABLE public.teacher (
    id integer NOT NULL,
    name character varying(50) NOT NULL,
    password character varying(50) NOT NULL,
    login character varying(25) NOT NULL,
    created_at timestamp with time zone DEFAULT now() NOT NULL
);


ALTER TABLE public.teacher OWNER TO postgres;

--
-- Name: teacher_subject; Type: TABLE; Schema: public; Owner: postgres
--

CREATE TABLE public.teacher_subject (
    teacher_id integer NOT NULL,
    subject_id integer NOT NULL,
    groups character varying(4)[],
    created_at timestamp with time zone DEFAULT now() NOT NULL
);


ALTER TABLE public.teacher_subject OWNER TO postgres;

--
-- Name: teacher_teacher_id_seq; Type: SEQUENCE; Schema: public; Owner: postgres
--

CREATE SEQUENCE public.teacher_teacher_id_seq
    AS integer
    START WITH 1
    INCREMENT BY 1
    NO MINVALUE
    NO MAXVALUE
    CACHE 1;


ALTER TABLE public.teacher_teacher_id_seq OWNER TO postgres;

--
-- Name: teacher_teacher_id_seq; Type: SEQUENCE OWNED BY; Schema: public; Owner: postgres
--

ALTER SEQUENCE public.teacher_teacher_id_seq OWNED BY public.teacher.id;


--
-- Name: solution id; Type: DEFAULT; Schema: public; Owner: postgres
--

ALTER TABLE ONLY public.solution ALTER COLUMN id SET DEFAULT nextval('public.solution_id_seq'::regclass);


--
-- Name: student id; Type: DEFAULT; Schema: public; Owner: postgres
--

ALTER TABLE ONLY public.student ALTER COLUMN id SET DEFAULT nextval('public.student_id_seq'::regclass);


--
-- Name: subject id; Type: DEFAULT; Schema: public; Owner: postgres
--

ALTER TABLE ONLY public.subject ALTER COLUMN id SET DEFAULT nextval('public.subject_subject_id_seq'::regclass);


--
-- Name: task id; Type: DEFAULT; Schema: public; Owner: postgres
--

ALTER TABLE ONLY public.task ALTER COLUMN id SET DEFAULT nextval('public.task_id_seq'::regclass);


--
-- Name: teacher id; Type: DEFAULT; Schema: public; Owner: postgres
--

ALTER TABLE ONLY public.teacher ALTER COLUMN id SET DEFAULT nextval('public.teacher_teacher_id_seq'::regclass);


--
-- Data for Name: solution; Type: TABLE DATA; Schema: public; Owner: postgres
--

COPY public.solution (task_id, student_id, file, originality, subject_id, fingerprint, id, reference_id, created_at, file_name) FROM stdin;
10	1	\\x636f6e7374207b2066696e6446696e6765727072696e742c2066696e6453696d696c6172697479207d203d207265717569726528272e2e2f616e7469706c616769617427290a0a6d6f64756c652e6578706f727473203d2066756e6374696f6e2028646229207b0a202072657475726e207b0a202020202f2f20544f444f3a2072656d6f7665206166746572206d616b696e67206a777420617574680a2020202067657453747564656e74496e666f287265712c207265732c206e65787429207b0a20202020202064622e7461736b286173796e632074203d3e207b0a2020202020202020636f6e73742073747564656e74496e666f203d2061776169742064622e6f6e6528600a2020202020202020202073656c6563742069642c206e616d652c2067726f75705f6e756d6265722066726f6d2073747564656e740a202020202020202020207768657265206964203d20245b69645d0a2020202020202020602c207265712e706172616d73290a2020202020202020636f6e7374207375626a65637473203d2061776169742064622e616e7928600a2020202020202020202073656c656374207375626a6563742e69642c207375626a6563742e6e616d652066726f6d2073747564656e740a20202020202020202020696e6e6572206a6f696e20746561636865725f7375626a6563740a202020202020202020206f6e2073747564656e742e67726f75705f6e756d626572203d20616e792028746561636865725f7375626a6563742e67726f757073290a20202020202020202020696e6e6572206a6f696e207375626a6563740a202020202020202020206f6e207375626a6563742e6964203d20746561636865725f7375626a6563742e7375626a6563745f69640a2020202020202020202077686572652073747564656e742e6964203d20245b69645d0a2020202020202020602c207265712e706172616d73290a0a2020202020202020666f7220286c6574207375626a656374206f66207375626a6563747329207b0a202020202020202020207375626a6563742e7461736b73203d2061776169742064622e616e7928600a20202020202020202020202073656c656374207461736b2e69642c207461736b2e6e616d652c207461736b2e7375626a6563745f69642c207461736b2e626f756e642c20736f6c7574696f6e2e6f726967696e616c6974793a3a6e756d657269632c207461736b2e636865636b5f747970652066726f6d207461736b0a2020202020202020202020206c656674206a6f696e20736f6c7574696f6e0a2020202020202020202020206f6e207461736b2e6964203d20736f6c7574696f6e2e7461736b5f69640a202020202020202020202020776865726520245b67726f75705d203d20616e79202867726f7570732920616e64207461736b2e7375626a6563745f6964203d20245b7375626a6563745f69645d20616e642028736f6c7574696f6e2e73747564656e745f6964203d20245b69645d206f7220736f6c7574696f6e2e73747564656e745f6964206973206e756c6c290a2020202020202020202020206f72646572206279207461736b2e637265617465645f61740a20202020202020202020602c207b0a20202020202020202020202069643a2073747564656e74496e666f2e69642c0a2020202020202020202020207375626a6563745f69643a207375626a6563742e69642c0a20202020202020202020202067726f75703a2073747564656e74496e666f2e67726f75705f6e756d6265720a202020202020202020207d290a20202020202020207d0a0a202020202020202073747564656e74496e666f2e7375626a65637473203d207375626a656374730a202020202020202072657475726e2073747564656e74496e666f0a2020202020207d2920202020200a20202020202020202e7468656e28286461746129203d3e207265732e73746174757328323030292e6a736f6e286461746129290a20202020202020202e63617463682866756e6374696f6e2865727229207b0a20202020202020202020636f6e736f6c652e6c6f6728657272290a202020202020202020207265732e73746174757328343030290a202020202020202020202e6a736f6e287b0a2020202020202020202020207374617475733a20276572726f72272c0a2020202020202020202020206d6573736167653a20276e6f20737563682075736572270a202020202020202020207d290a20202020202020207d290a202020207d2c0a0a20202020636865636b536f6c7574696f6e287265712c2072657329207b0a202020202020636f6e737420627566203d204275666665722e66726f6d287265712e66696c652e627566666572290a202020202020636f6e73742066696e6765727072696e74203d2066696e6446696e6765727072696e74286275662e746f537472696e672829290a202020202020636f6e7374206765745175657279427954797065203d2074797065203d3e207b0a202020202020202073776974636820287479706529207b0a202020202020202020206361736520277461736b273a0a20202020202020202020202072657475726e2027616e64207461736b5f6964203d20245b7461736b5f69645d270a202020202020202020206361736520277375626a656374273a0a20202020202020202020202072657475726e2027616e64207375626a6563745f6964203d20245b7375626a6563745f69645d270a2020202020202020202064656661756c743a0a20202020202020202020202072657475726e2027270a20202020202020207d0a2020202020207d0a0a20202020202064622e7461736b286173796e63202074203d3e207b0a2020202020202020636f6e737420686173686573203d2061776169742064622e616e7928600a2020202020202020202073656c6563742069642c2066696e6765727072696e742066726f6d20736f6c7574696f6e0a2020202020202020202077686572652073747564656e745f696420213d20245b73747564656e745f69645d20247b6765745175657279427954797065287265712e626f64792e636865636b5f74797065297d200a2020202020202020602c207265712e626f6479290a2020202020202020636f6e7374205b6f726967696e616c6974792c207265666572656e63655d203d2066696e6453696d696c6172697479286861736865732c2066696e6765727072696e74290a0a2020202020202020636f6e737420726573756c74203d2061776169742064622e6f6e6528600a20202020202020202020696e7365727420696e746f20736f6c7574696f6e20287461736b5f69642c2073747564656e745f69642c207375626a6563745f69642c206f726967696e616c6974792c2066696e6765727072696e742c2066696c652c207265666572656e63655f69642c2066696c655f6e616d65290a2020202020202020202076616c7565732028245b7461736b5f69645d2c20245b73747564656e745f69645d2c20245b7375626a6563745f69645d2c20245b6f726967696e616c6974795d2c20245b66696e6765727072696e745d2c20245b66696c655d2c20245b7265666572656e63655f69645d2c20245b66696c655f6e616d655d290a202020202020202020206f6e20636f6e666c696374206f6e20636f6e73747261696e7420736f6c7574696f6e5f706b65790a20202020202020202020646f20757064617465200a202020202020202020207365742066696e6765727072696e74203d20245b66696e6765727072696e745d2c0a202020202020202020202020202066696c65203d20245b66696c655d2c0a20202020202020202020202020206f726967696e616c697479203d20245b6f726967696e616c6974795d2c0a20202020202020202020202020207265666572656e63655f6964203d20245b7265666572656e63655f69645d2c0a2020202020202020202020202020637265617465645f6174203d204e4f5728292c0a202020202020202020202020202066696c655f6e616d65203d20245b66696c655f6e616d655d0a20202020202020202020776865726520736f6c7574696f6e2e7461736b5f6964203d206578636c756465642e7461736b5f696420616e6420736f6c7574696f6e2e73747564656e745f6964203d206578636c756465642e73747564656e745f69640a2020202020202020202072657475726e696e67206f726967696e616c6974790a2020202020202020602c207b0a202020202020202020202e2e2e7265712e626f64792c0a2020202020202020202066696c653a20605c5c78247b6275662e746f537472696e67282768657827297d602c0a2020202020202020202066696c655f6e616d653a207265712e66696c652e6f726967696e616c6e616d652c0a2020202020202020202066696e6765727072696e742c0a202020202020202020206f726967696e616c6974793a206f726967696e616c6974792c0a202020202020202020207265666572656e63655f69643a207265666572656e6365202626207265666572656e63652e69640a20202020202020207d290a0a202020202020202072657475726e20726573756c740a2020202020207d290a20202020202020202e7468656e2864617461203d3e207265732e73746174757328323030292e6a736f6e286461746129290a20202020202020202e636174636828657272203d3e207b0a20202020202020202020636f6e736f6c652e6c6f6728657272290a202020202020202020207265732e73746174757328343030292e6a736f6e28276572726f7227290a20202020202020207d290a202020207d0a20207d0a7d0a	100.0	2	{13c81397,64ed4ee6,35c9c00a,34c1a543,29ff4fc6,13cb1b89,130047bc,2567ceb6,52f879ee,4d74c111,53f483aa,2bbd519f,40a13359,18d46f0e,35425eee,27a9804b,160e0981,3d1506fe,2127c0be,3afaf666,159255c,11bb3c22,397,44bdfce5,171e2102,13abc7b9,67042f3a,4cfa2455,427632de,3031a1e3,26177103,2173988c,12bfbd95,44b06264,3c4bd502,2a2240d,1d83c77d,25ff121d,4729ffc,8b2b1bd6,9ca62416,83446572,1375694c,253e8e2c,1ec46d14,10d6696e,65c6628,791f8e20,783de600,1286b481,12644d8b,1a9ea9dc,2ffd521b,59110e2e,397c2292,12fe28bf,376b5104,2d7ffa4f,1c91b83,2145b9e1,613cfd0e,149c21e8,1d075ed1,5bfb108a,2b0a8342,22cf1507,12bdfd84,2a2240d,15a57a2d,213fc87e,613cfd0e,149c21e8,20fa54bb,4222b030,10454b66,1d075ed1,3ddecd76,4b0d5a7,134a6f0f,149c21e8,324f1d2b,1ac39ec4,13129b32,246cafd7,155df4c9,119998c3,1375694c,253e8e2c,211ba7af,3b71ea04,13dcd6e3,15f512e3,13c8d7bf,56e563b0,4f222291,28f43ba7,1d6275e9,1cdd2b85,783de600,6452227a,5f3f3931,196b8d9d,2e83f9f5,339d0dc8,4281dddb,10d19c59,30d3a866,1ac39ec4,2bb11ed7,2df7b189,1e985fa9,1f4ada37,115e93f4,10197e6c,3d714bfb,39a73b61,5546e4e5,3523ef6d,21b2d8ab,17053473,1411d91f,12e00d26,2731af8e,2a8f4315,1e91ab31,31357000,4a356580,3c513155,1f4ada37,1356122a,1a83cac2,1fa67d59,2041759a,10ad1d25,1f198773,1f564544,30d3a866,1ac39ec4,39a54af,4ae25376,57fac995,1ac39ec4,1bb1595c,132e2eec,10788fdf,1f4ada37,1f6b731c,5fa973a7,385b2f3e,3cc107d3,1f4ada37,1f6b731c,191bcf7b,5f182d68,5b20e6f1,537ce94,41efe8e1,33054ca,25c63717,1c8aa875,158463df,1b881e50,27c9eb8e,5a51d58b,4141f06e,1138da84,1ac39ec4,5554aea1,4ff09ca3,447da1,104e51e5,1d4ef133,4da0d912,28e8e883,5a51d58b,6a8c6c50,2c4ee866,12bdfd84,2a2240d,2d8575c7,786ac686,6a8d2570,2f7e7ceb,623d0be1,4f71a38,1135d5f7,286060d7,3a2665c5,34f5409,2abee856,22381617,21d4178a,114b6477,26e4b1f8,3f9d937b,2fe26c44,49f1d506,4b54bb6c,3e653313,520e68f4,827d3a4,33feba21,142573ea,4eff321f,2465a04c,15c618c5,1d185e82,2845a3ac,3c165b6b,3fffd858,1eb657c5,33ec5dd2,4f049ac5,9a1a217d,72a97b09,2bc9681c,3cd11c4e,679d6a35,4af1c762,19cf68b0,3b589f33,5926aa17,7297ece2,7bac0bb7,1c59fa37,1ca95a1d,22374f6,3869e372,425fc17e,3ec211fb,13a497c2,196d5aa7,64ed4ee6,56c8c117,43a594d4,11b1c4,16a7770c,35f3dd9e,26f816b4,4063460f,3ad234af,2ba75914,211117b3,187e1f00,265bfbcc,32164f74,172df9c8,2b18f441,2182f669,23de54eb,321cd388,3867107c,3e62b991,5f3ee210,40ab01dd,1b59ee9b,1ac39ec4,39a54af,4ae25376,57fac995,1ac39ec4,44e887e9,4ee0cd43,132cc077,6c1bc5ee,44bdfce5,22c7f890,20a4ed4d,175e5624,783de600,83f887bd,8706953e,87717155,a04be1eb,4d7c379f,301af5e4,2d99571c,1e09bbc7,11d57832,104f0b9a,36eee7d,1bec4f8a,1b1758dc,2f9d1ba3,54d7f605,24b2a163,26f816b4,4063460f,451e19bf,3aac810f,1314c774,25e117d4,560de003,78131e49,76b4921e,43bd4e77,50cb61ed,640695b,12d152ad,10197e6c,22948f90,527c6070,6445eab6,4756aa78,1512b073,13cb1b89,404fa003,12b4f552,25de65b8,1512fcd6,10397275,1d89a17e,25d6da15,5178cff4,5c46e510,363d4df6,48e1e983,5e8ef806,6310c352,715f5b21,7739daf1,2ffd521b,1ac39ec4,1de39e1c,10197e6c,21ff95fe,25de65b8,1528170b,5d5cbc54,5af96802,3a751dd9,1e62ef91,3a404cd2,26e4d88,254cd130,23389506,2182f669,31134033,1b1758dc,2f9d1ba3,245ac6fd,235aeca9,1ac39ec4,13dc6471,15f67c95,10197e6c,4f4dc08d,25de65b8,37de5029,35215d32,355a632d,3a751dd9,190dc067,3c680137,4d93fc28,44107464,492b57a0,4819f771,1ddfc2e8,147c7b90,50d517c1,166dbcac,2b45d05a,2c337e38,1ff6c9d6,25de65b8,2ac46df1,33a7fba,2d37153b,26a73825,44c7689e,10197e6c,368320be,5c5e64e9,10197e6c,1b8faf9f,177c7022,29fdeeba,221998a,3a751dd9,1347babc,1fac30a1,3f56b208,44906a81,22d2357,10ae9d0f,13b9087a,4141a8f5,4ef3d51d,23adb1be,1f4ada37,1356122a,3f94086d,3c0df93e,1fb4f933,4fbc8727,3b7a9e3b,1ba06a9a,23758210,1d9732b4,1f4ada37,1f6b731c,5fa973a7,4f74749e,1fb4f933,5c0d6675,1b85e54a,2135c42f,28709f2e,7a5acad6,a926fe4b,278c4a32,10197e6c,12daac08,2f04c350,235fd10f,41fc1a7f,1751ff55,5159a2b0,16a7770c,1aa3a564,29528d13,7cef51b8,253f2649,3a404cd2,2e9ccba7,22374f6,143705fe,34e47dbd,2a2b9342,1a5ae504,25de65b8,3861fc15,10197e6c,1fb8aae6,1746f10e,10197e6c,22948f90,3a751dd9,21d1ab2d,29c30c4c,22eb8367,3456163,431cc72,78d97f9a,4ee6ef54,493f4143,2065aa52,285e5cb8,3bdaec6b,3191bebe,449eb695,3877ca50,114b6477,26e4b1f8,3f9d937b,2fe26c44,283b39d4,2a9cddf7,3934aef,5aaf92e0,33feba21,142573ea,4eff321f,2465a04c,15c618c5,453484c2,113417bf,282b7257}	12	\N	2020-05-30 02:32:26.891415+03	student.js
1	3	\\x636f6e7374207b2066696e6446696e6765727072696e742c2066696e6453696d696c6172697479207d203d207265717569726528272e2e2f616e7469706c616769617427290a0a6d6f64756c652e6578706f727473203d2066756e6374696f6e2028646229207b0a202072657475726e207b0a202020202f2f20544f444f3a2072656d6f7665206166746572206d616b696e67206a777420617574680a2020202067657453747564656e74496e666f287265712c207265732c206e65787429207b0a20202020202064622e7461736b286173796e632074203d3e207b0a2020202020202020636f6e73742073747564656e74496e666f203d2061776169742064622e6f6e6528600a2020202020202020202073656c6563742069642c206e616d652c2067726f75705f6e756d6265722066726f6d2073747564656e740a202020202020202020207768657265206964203d20245b69645d0a2020202020202020602c207265712e706172616d73290a2020202020202020636f6e7374207375626a65637473203d2061776169742064622e616e7928600a2020202020202020202073656c656374207375626a6563742e69642c207375626a6563742e6e616d652066726f6d2073747564656e740a20202020202020202020696e6e6572206a6f696e20746561636865725f7375626a6563740a202020202020202020206f6e2073747564656e742e67726f75705f6e756d626572203d20616e792028746561636865725f7375626a6563742e67726f757073290a20202020202020202020696e6e6572206a6f696e207375626a6563740a202020202020202020206f6e207375626a6563742e6964203d20746561636865725f7375626a6563742e7375626a6563745f69640a2020202020202020202077686572652073747564656e742e6964203d20245b69645d0a2020202020202020602c207265712e706172616d73290a0a2020202020202020666f7220286c6574207375626a656374206f66207375626a6563747329207b0a202020202020202020207375626a6563742e7461736b73203d2061776169742064622e616e7928600a20202020202020202020202073656c656374207461736b2e69642c207461736b2e6e616d652c207461736b2e7375626a6563745f69642c207461736b2e626f756e642c20736f6c7574696f6e2e6f726967696e616c6974793a3a6e756d657269632066726f6d207461736b0a2020202020202020202020206c656674206a6f696e20736f6c7574696f6e0a2020202020202020202020206f6e207461736b2e6964203d20736f6c7574696f6e2e7461736b5f69640a202020202020202020202020776865726520245b67726f75705d203d20616e79202867726f7570732920616e64207461736b2e7375626a6563745f6964203d20245b7375626a6563745f69645d20616e642028736f6c7574696f6e2e73747564656e745f6964203d20245b69645d206f7220736f6c7574696f6e2e73747564656e745f6964206973206e756c6c290a20202020202020202020602c207b0a20202020202020202020202069643a2073747564656e74496e666f2e69642c0a2020202020202020202020207375626a6563745f69643a207375626a6563742e69642c0a20202020202020202020202067726f75703a2073747564656e74496e666f2e67726f75705f6e756d6265720a202020202020202020207d290a20202020202020207d0a0a202020202020202073747564656e74496e666f2e7375626a65637473203d207375626a656374730a202020202020202072657475726e2073747564656e74496e666f0a2020202020207d2920202020200a20202020202020202e7468656e28286461746129203d3e207265732e73746174757328323030292e6a736f6e286461746129290a20202020202020202e63617463682866756e6374696f6e2865727229207b0a20202020202020202020636f6e736f6c652e6c6f6728657272290a202020202020202020207265732e73746174757328343030290a202020202020202020202e6a736f6e287b0a2020202020202020202020207374617475733a20276572726f72272c0a2020202020202020202020206d6573736167653a20276e6f20737563682075736572270a202020202020202020207d290a20202020202020207d290a202020207d2c0a0a20202020636865636b536f6c7574696f6e287265712c2072657329207b0a202020202020636f6e736f6c652e6c6f67287265712e66696c65290a202020202020636f6e737420627566203d204275666665722e66726f6d287265712e66696c652e627566666572290a202020202020636f6e73742066696e6765727072696e74203d2066696e6446696e6765727072696e74286275662e746f537472696e672829290a0a20202020202064622e7461736b286173796e63202074203d3e207b0a2020202020202020636f6e737420686173686573203d2061776169742064622e616e7928600a2020202020202020202073656c6563742069642c2066696e6765727072696e742066726f6d20736f6c7574696f6e0a202020202020202020207768657265207461736b5f696420213d20245b7461736b5f69645d206f722073747564656e745f696420213d20245b73747564656e745f69645d0a2020202020202020602c207265712e626f6479290a2020202020202020636f6e7374205b6f726967696e616c6974792c207265666572656e63655d203d2066696e6453696d696c6172697479286861736865732c2066696e6765727072696e74290a0a2020202020202020636f6e737420726573756c74203d2061776169742064622e6f6e6528600a20202020202020202020696e7365727420696e746f20736f6c7574696f6e20287461736b5f69642c2073747564656e745f69642c207375626a6563745f69642c206f726967696e616c6974792c2066696e6765727072696e742c2066696c652c207265666572656e63655f69642c2066696c655f6e616d65290a2020202020202020202076616c7565732028245b7461736b5f69645d2c20245b73747564656e745f69645d2c20245b7375626a6563745f69645d2c20245b6f726967696e616c6974795d2c20245b66696e6765727072696e745d2c20245b66696c655d2c20245b7265666572656e63655f69645d2c20245b66696c655f6e616d655d290a202020202020202020206f6e20636f6e666c696374206f6e20636f6e73747261696e7420736f6c7574696f6e5f706b65790a20202020202020202020646f20757064617465200a202020202020202020207365742066696e6765727072696e74203d20245b66696e6765727072696e745d2c0a202020202020202020202020202066696c65203d20245b66696c655d2c0a20202020202020202020202020206f726967696e616c697479203d20245b6f726967696e616c6974795d2c0a20202020202020202020202020207265666572656e63655f6964203d20245b7265666572656e63655f69645d2c0a2020202020202020202020202020637265617465645f6174203d204e4f5728292c0a202020202020202020202020202066696c655f6e616d65203d20245b66696c655f6e616d655d0a20202020202020202020776865726520736f6c7574696f6e2e7461736b5f6964203d206578636c756465642e7461736b5f696420616e6420736f6c7574696f6e2e73747564656e745f6964203d206578636c756465642e73747564656e745f69640a2020202020202020202072657475726e696e67206f726967696e616c6974790a2020202020202020602c207b0a202020202020202020202e2e2e7265712e626f64792c0a2020202020202020202066696c653a20605c5c78247b6275662e746f537472696e67282768657827297d602c0a2020202020202020202066696c655f6e616d653a207265712e66696c652e6f726967696e616c6e616d652c0a2020202020202020202066696e6765727072696e742c0a202020202020202020206f726967696e616c6974793a206f726967696e616c6974792c0a202020202020202020207265666572656e63655f69643a207265666572656e6365202626207265666572656e63652e69640a20202020202020207d290a0a202020202020202072657475726e20726573756c740a2020202020207d290a20202020202020202e7468656e2864617461203d3e207265732e73746174757328323030292e6a736f6e286461746129290a20202020202020202e636174636828657272203d3e207b0a20202020202020202020636f6e736f6c652e6c6f6728657272290a202020202020202020207265732e73746174757328343030292e6a736f6e28276572726f7227290a20202020202020207d290a202020207d0a20207d0a7d0a	33.0	2	{13c81397,64ed4ee6,35c9c00a,34c1a543,29ff4fc6,13cb1b89,130047bc,2567ceb6,52f879ee,4d74c111,53f483aa,2bbd519f,40a13359,18d46f0e,35425eee,27a9804b,160e0981,3d1506fe,2127c0be,3afaf666,159255c,11bb3c22,397,44bdfce5,171e2102,13abc7b9,67042f3a,4cfa2455,427632de,3031a1e3,26177103,2173988c,12bfbd95,44b06264,3c4bd502,2a2240d,1d83c77d,25ff121d,4729ffc,8b2b1bd6,9ca62416,83446572,1375694c,253e8e2c,1ec46d14,10d6696e,65c6628,791f8e20,783de600,1286b481,12644d8b,1a9ea9dc,2ffd521b,59110e2e,397c2292,12fe28bf,376b5104,2d7ffa4f,1c91b83,2145b9e1,613cfd0e,149c21e8,1d075ed1,5bfb108a,2b0a8342,22cf1507,12bdfd84,2a2240d,15a57a2d,213fc87e,613cfd0e,149c21e8,20fa54bb,4222b030,10454b66,1d075ed1,3ddecd76,4b0d5a7,134a6f0f,149c21e8,324f1d2b,1ac39ec4,13129b32,246cafd7,155df4c9,119998c3,1375694c,253e8e2c,211ba7af,3b71ea04,13dcd6e3,15f512e3,13c8d7bf,56e563b0,4f222291,28f43ba7,1d6275e9,1cdd2b85,783de600,6452227a,5f3f3931,196b8d9d,2e83f9f5,339d0dc8,4281dddb,10d19c59,30d3a866,1ac39ec4,2bb11ed7,2df7b189,1e985fa9,1f4ada37,115e93f4,10197e6c,3d714bfb,2641c0ce,268feb2a,12e00d26,2731af8e,2a8f4315,1e91ab31,31357000,4a356580,3c513155,1f4ada37,1356122a,1a83cac2,1fa67d59,2041759a,10ad1d25,1f198773,1f564544,30d3a866,1ac39ec4,39a54af,4ae25376,57fac995,1ac39ec4,1bb1595c,132e2eec,10788fdf,1f4ada37,1f6b731c,5fa973a7,385b2f3e,3cc107d3,1f4ada37,1f6b731c,191bcf7b,1ce91b58,1b881e50,27c9eb8e,5a51d58b,4141f06e,1138da84,1ac39ec4,5554aea1,4ff09ca3,447da1,104e51e5,1d4ef133,4da0d912,28e8e883,5a51d58b,6a8c6c50,2c4ee866,12bdfd84,2a2240d,2d8575c7,786ac686,6a8d2570,2f7e7ceb,623d0be1,4f71a38,1135d5f7,286060d7,3a2665c5,34f5409,2abee856,22381617,21d4178a,114b6477,26e4b1f8,3f9d937b,2fe26c44,49f1d506,4b54bb6c,3e653313,520e68f4,827d3a4,33feba21,142573ea,4eff321f,2465a04c,15c618c5,1d185e82,2845a3ac,3c165b6b,3fffd858,1eb657c5,33ec5dd2,4f049ac5,9a1a217d,72a97b09,2bc9681c,3cd11c4e,679d6a35,4af1c762,19cf68b0,3b589f33,5926aa17,7297ece2,24f7527d,4a90cb7f,33feba21,6140e188,85745a81,3ab2f895,3aa00348,1c59fa37,1ca95a1d,22374f6,3869e372,425fc17e,3ec211fb,13a497c2,196d5aa7,64ed4ee6,56c8c117,43a594d4,11b1c4,16a7770c,1bde4a59,196c0ad0,44bdfce5,22c7f890,20a4ed4d,175e5624,783de600,83f887bd,8706953e,87717155,a04be1eb,4d7c379f,301af5e4,2d99571c,1e09bbc7,11d57832,104f0b9a,1ed5384f,50a1f7cf,2182f669,26ed8ecc,37731815,53f3c82b,1bec4f8a,1b1758dc,2f9d1ba3,3aeca052,508457fb,50cb61ed,640695b,12d152ad,10197e6c,22948f90,527c6070,6445eab6,4756aa78,1512b073,13cb1b89,404fa003,12b4f552,25de65b8,1512fcd6,10397275,1d89a17e,25d6da15,5178cff4,5c46e510,363d4df6,48e1e983,5e8ef806,6310c352,715f5b21,7739daf1,2ffd521b,1ac39ec4,1de39e1c,10197e6c,21ff95fe,25de65b8,1528170b,5d5cbc54,5af96802,3a751dd9,1e62ef91,3a404cd2,26e4d88,254cd130,23389506,2182f669,31134033,1b1758dc,2f9d1ba3,245ac6fd,235aeca9,1ac39ec4,13dc6471,15f67c95,10197e6c,4f4dc08d,25de65b8,37de5029,35215d32,355a632d,3a751dd9,190dc067,3c680137,4d93fc28,44107464,492b57a0,4819f771,1ddfc2e8,147c7b90,50d517c1,166dbcac,2b45d05a,2c337e38,1ff6c9d6,25de65b8,2ac46df1,33a7fba,2d37153b,26a73825,44c7689e,10197e6c,368320be,5c5e64e9,10197e6c,1b8faf9f,177c7022,29fdeeba,221998a,3a751dd9,1347babc,1fac30a1,3f56b208,44906a81,22d2357,10ae9d0f,13b9087a,4141a8f5,4ef3d51d,23adb1be,1f4ada37,1356122a,3f94086d,3c0df93e,1fb4f933,4fbc8727,3b7a9e3b,1ba06a9a,23758210,1d9732b4,1f4ada37,1f6b731c,5fa973a7,4f74749e,1fb4f933,5c0d6675,1b85e54a,2135c42f,28709f2e,7a5acad6,a926fe4b,278c4a32,10197e6c,12daac08,2f04c350,235fd10f,41fc1a7f,1751ff55,5159a2b0,16a7770c,1aa3a564,29528d13,7cef51b8,253f2649,3a404cd2,2e9ccba7,22374f6,143705fe,34e47dbd,2a2b9342,1a5ae504,25de65b8,3861fc15,10197e6c,1fb8aae6,1746f10e,10197e6c,22948f90,3a751dd9,21d1ab2d,29c30c4c,22eb8367,3456163,431cc72,78d97f9a,4ee6ef54,493f4143,2065aa52,285e5cb8,3bdaec6b,3191bebe,449eb695,3877ca50,114b6477,26e4b1f8,3f9d937b,2fe26c44,283b39d4,2a9cddf7,3934aef,5aaf92e0,33feba21,142573ea,4eff321f,2465a04c,15c618c5,453484c2,113417bf,282b7257}	11	9	2020-05-29 22:16:50.614231+03	student.js
1	1	\\x636f6e73742074656163686572203d206462203d3e20287b0a20202f2f20544f444f3a2072656d6f7665206166746572206d616b696e67206a777420617574680a202067657454656163686572496e666f287265712c2072657329207b0a2020202064622e7461736b286173796e632074203d3e207b0a202020202020636f6e73742074656163686572496e666f203d2061776169742064622e6f6e65282773656c6563742069642c206e616d652066726f6d2074656163686572207768657265206964203d20247b69647d272c207265712e706172616d73290a202020202020636f6e7374207375626a65637473203d2061776169742064622e616e7928600a202020202020202073656c656374207375626a6563742e69642c207375626a6563742e6e616d652c20746561636865725f7375626a6563742e67726f7570732066726f6d207375626a6563740a2020202020202020696e6e6572206a6f696e20746561636865725f7375626a6563740a20202020202020206f6e207375626a6563742e6964203d20746561636865725f7375626a6563742e7375626a6563745f69640a2020202020202020776865726520746561636865725f7375626a6563742e746561636865725f6964203d20245b69645d2020202020200a202020202020602c207265712e706172616d73290a2020202020200a202020202020666f7220287375626a656374206f66207375626a6563747329207b0a2020202020202020636f6e7374207461736b73203d2061776169742064622e616e7928600a2020202020202020202073656c6563742069642c206e616d652c207375626a6563745f69642066726f6d207461736b0a20202020202020202020776865726520746561636865725f6964203d20245b69645d20616e64207375626a6563745f6964203d20245b7375626a65637449645d0a202020202020202020206f7264657220627920637265617465645f61740a2020202020202020602c207b202e2e2e7265712e706172616d732c207375626a65637449643a207375626a6563742e6964207d290a0a20202020202020207375626a6563742e7461736b73203d207461736b730a2020202020207d0a20202020202074656163686572496e666f2e7375626a65637473203d207375626a656374730a202020200a20202020202072657475726e2074656163686572496e666f0a202020207d290a2020202020202e7468656e2866756e6374696f6e20286461746129207b0a20202020202020207265732e73746174757328323030290a202020202020202020202e6a736f6e2864617461290a2020202020207d2920200a2020202020202e63617463682866756e6374696f6e2865727229207b0a2020202020202020636f6e736f6c652e6c6f6728657272290a20202020202020207265732e73746174757328343030290a202020202020202020202e6a736f6e28276fd188d0b8d0b1d0bad0b027290a2020202020207d290a20207d2c0a0a20206372656174655375626a656374287265712c207265732c206e65787429207b0a2020202064622e6e6f6e652827696e7365727420696e746f207375626a65637420286e616d652c20746561636865725f69642c2067726f757073292076616c7565732028247b6e616d657d2c20247b746561636865725f69647d2c20247b67726f7570737d29272c207265712e626f6479290a2020202020202e7468656e2866756e6374696f6e2829207b0a20202020202020207265732e73746174757328323030290a202020202020202020202e6a736f6e287b0a2020202020202020202020207374617475733a202773756363657373272c0a2020202020202020202020206d6573736167653a20276f6b270a202020202020202020207d290a2020202020207d290a2020202020202e63617463682866756e6374696f6e2865727229207b0a20202020202020207265732e73746174757328343030290a202020202020202020202e6a736f6e287b0a2020202020202020202020207374617475733a20276572726f72272c0a2020202020202020202020206d6573736167653a202777726f6e6720726571756573742064617461270a202020202020202020207d290a2020202020207d290a20207d2c0a0a20207570646174655375626a656374287265712c207265732c206e65787429207b0a2020202064622e6e6f6e6528600a202020202020757064617465207375626a6563740a202020202020736574206e616d65203d20245b6e616d655d2c0a2020202020202020202067726f757073203d20245b67726f7570735d0a2020202020207768657265206964203d20245b69645d0a20202020602c207265712e626f6479290a2020202020202e7468656e282829203d3e207b0a20202020202020207265732e73746174757328323030290a202020202020202020202e6a736f6e28276f6b27290a2020202020207d290a2020202020202e6361746368286572726f72203d3e207b0a20202020202020207265732e73746174757328343030290a202020202020202020202e6a736f6e287b0a2020202020202020202020207374617475733a20276572726f72272c0a2020202020202020202020206d6573736167653a202777726f6e6720726571756573742064617461270a202020202020202020207d290a2020202020207d290a20207d2c0a0a202064656c6574655375626a656374287265712c207265732c206e65787429207b0a2020202064622e6e6f6e6528600a20202020202064656c6574652066726f6d207375626a6563740a2020202020207768657265206964203d20245b69645d0a20202020602c207265712e626f6479290a2020202020202e7468656e282829203d3e207b0a20202020202020207265732e73746174757328323030290a202020202020202020202e6a736f6e28276f6b27290a2020202020207d290a2020202020202e6361746368286572726f72203d3e207b0a20202020202020207265732e73746174757328343030290a202020202020202020202e6a736f6e287b0a2020202020202020202020207374617475733a20276572726f72272c0a2020202020202020202020206d6573736167653a202777726f6e6720726571756573742064617461270a202020202020202020207d290a2020202020207d290a20207d2c0a0a20206765745461736b496e666f287265712c2072657329207b0a2020202064622e7461736b286173796e632074203d3e207b0a202020202020636f6e7374207461736b496e666f203d2061776169742064622e6f6e6528600a2020202020202020202073656c656374202a2066726f6d207461736b0a202020202020202020207768657265206964203d20245b69645d0a2020202020202020602c207265712e706172616d73290a202020202020636f6e737420736f6c7574696f6e73203d2061776169742064622e616e7928600a2020202020202020202073656c65637420736f6c7574696f6e2e7461736b5f69642c20736f6c7574696f6e2e73747564656e745f69642c2073747564656e742e6e616d652c2073747564656e742e67726f75705f6e756d6265722c206f726967696e616c6974792c20736f6c7574696f6e2e637265617465645f61742c207265666572656e63655f69642066726f6d20736f6c7574696f6e0a20202020202020202020696e6e6572206a6f696e2073747564656e740a202020202020202020206f6e2073747564656e742e6964203d20736f6c7574696f6e2e73747564656e745f69640a20202020202020202020776865726520736f6c7574696f6e2e7461736b5f6964203d20245b69645d0a2020202020202020602c207265712e706172616d73290a0a2020202020207461736b496e666f2e736f6c7574696f6e73203d20736f6c7574696f6e730a0a20202020202072657475726e207461736b496e666f0a202020207d290a2020202020202e7468656e287461736b203d3e207b0a20202020202020207265732e73746174757328323030290a202020202020202020202e6a736f6e287461736b290a2020202020207d290a2020202020202e6361746368286572726f72203d3e207b0a20202020202020207265732e73746174757328343030290a202020202020202020202e6a736f6e287b0a2020202020202020202020207374617475733a20276572726f72272c0a2020202020202020202020206d6573736167653a202777726f6e6720726571756573742064617461270a202020202020202020207d290a2020202020207d290a20207d2c0a0a20206372656174655461736b287265712c2072657329207b0a2020202064622e6f6e6528600a202020202020696e7365727420696e746f207461736b20286e616d652c20657874732c2067726f7570732c207375626a6563745f69642c20746561636865725f696429200a20202020202076616c7565732028245b6e616d655d2c20245b657874735d2c20245b67726f7570735d2c20245b7375626a6563745f69645d2c20245b7465616368657249645d290a20202020202072657475726e696e672069640a202020202020602c207265712e626f6479290a2020202020202e7468656e2864617461203d3e200a20202020202020207265732e73746174757328323030290a202020202020202020202e6a736f6e2864617461290a202020202020290a2020202020202e63617463682866756e6374696f6e2865727229207b0a2020202020202020636f6e736f6c652e6c6f6728657272290a20202020202020207265732e73746174757328343030290a202020202020202020202e6a736f6e287b0a2020202020202020202020207374617475733a20276572726f72272c0a2020202020202020202020206d6573736167653a202777726f6e6720726571756573742064617461270a202020202020202020207d290a2020202020207d290a20207d2c0a0a20207570646174655461736b287265712c2072657329207b0a2020202064622e6e6f6e6528600a202020202020757064617465207461736b0a202020202020736574206e616d65203d20245b6e616d655d2c0a2020202020202020202065787473203d20245b657874735d0a2020202020207768657265206964203d20245b69645d0a20202020602c207265712e626f6479290a2020202020202e7468656e282829203d3e207b0a20202020202020207265732e73746174757328323030290a202020202020202020202e6a736f6e28276f6b27290a2020202020207d290a2020202020202e6361746368286572726f72203d3e207b0a20202020202020207265732e73746174757328343030290a202020202020202020202e6a736f6e287b0a2020202020202020202020207374617475733a20276572726f72272c0a2020202020202020202020206d6573736167653a202777726f6e6720726571756573742064617461270a202020202020202020207d290a2020202020207d290a20207d2c0a0a202064656c6574655461736b287265712c2072657329207b0a2020202064622e6e6f6e6528600a20202020202064656c6574652066726f6d207461736b20636173636164650a2020202020207768657265206964203d20245b69645d0a20202020602c207265712e706172616d73290a2020202020202e7468656e282829203d3e207265732e73746174757328323030292e6a736f6e28276f6b2729290a2020202020202e636174636828657272203d3e207b0a2020202020202020636f6e736f6c652e6c6f6728657272290a20202020202020207265732e73746174757328343030292e6a736f6e28276e6f74206f6b27290a2020202020207d290a20207d2c0a0a2020676574536f6c7574696f6e73287265712c207265732c206e65787429207b0a2020202064622e616e7928600a20202020202073656c65637420736f6c7574696f6e2e69642c20736f6c7574696f6e2e7461736b5f69642c2073747564656e742e6e616d652c2073747564656e742e67726f75705f6e756d6265722c206f726967696e616c6974792066726f6d20736f6c7574696f6e0a202020202020696e6e6572206a6f696e2073747564656e740a2020202020206f6e2073747564656e742e6964203d20736f6c7574696f6e2e73747564656e745f69640a202020202020776865726520736f6c7574696f6e2e7461736b5f6964203d20245b69645d0a20202020602c207265712e706172616d73290a2020202020202e7468656e2864617461203d3e205b0a20202020202020207265732e73746174757328323030290a202020202020202020202e6a736f6e2864617461290a2020202020205d290a2020202020202e6361746368286572726f72203d3e207b0a20202020202020207265732e73746174757328343030290a202020202020202020202e6a736f6e287b0a2020202020202020202020207374617475733a20276572726f72272c0a2020202020202020202020206d6573736167653a202777726f6e6720726571756573742064617461270a202020202020202020207d290a2020202020207d290a20207d2c0a0a202067657453747564656e74536f6c7574696f6e287265712c2072657329207b0a2020202064622e7461736b286173796e632074203d3e207b0a202020202020636f6e73742063757272656e7446696c65203d2061776169742064622e6f6e6528600a202020202020202073656c6563742073747564656e742e6e616d652c2073747564656e742e67726f75705f6e756d6265722061732067726f75702c20736f6c7574696f6e2e66696c652066726f6d20736f6c7574696f6e0a2020202020202020696e6e6572206a6f696e2073747564656e740a20202020202020206f6e2073747564656e742e6964203d20736f6c7574696f6e2e73747564656e745f69640a20202020202020207768657265207461736b5f6964203d20245b7461736b5f69645d20616e642073747564656e745f6964203d20245b73747564656e745f69645d0a202020202020602c207265712e7175657279290a202020202020636f6e7374207265666572656e636546696c65203d207265712e71756572792e7265666572656e63655f69642026262061776169742064622e6f6e6528600a202020202020202073656c6563742073747564656e742e6e616d652c2073747564656e742e67726f75705f6e756d6265722061732067726f75702c20736f6c7574696f6e2e66696c652066726f6d20736f6c7574696f6e0a2020202020202020696e6e6572206a6f696e2073747564656e740a20202020202020206f6e2073747564656e742e6964203d20736f6c7574696f6e2e73747564656e745f69640a2020202020202020776865726520736f6c7574696f6e2e6964203d20245b7265666572656e63655f69645d0a202020202020602c207265712e7175657279290a0a20202020202072657475726e207b0a20202020202020207265666572656e63653a207265666572656e636546696c65203f207b0a202020202020202020207469746c653a2060247b7265666572656e636546696c652e6e616d657d20d0b3d1802e247b7265666572656e636546696c652e67726f75707d602c0a2020202020202020202066696c653a207265666572656e636546696c652e66696c652e746f537472696e6728290a20202020202020207d203a207b0a202020202020202020207469746c653a2027d09fd0bed185d0bed0b6d0b8d0b520d180d0b5d188d0b5d0bdd0b8d18f20d0bed182d181d183d182d181d182d0b2d183d18ed182272c0a2020202020202020202066696c653a2027270a20202020202020207d2c0a202020202020202063757272656e743a207b0a202020202020202020207469746c653a2060247b63757272656e7446696c652e6e616d657d20d0b3d1802e247b63757272656e7446696c652e67726f75707d602c0a2020202020202020202066696c653a2063757272656e7446696c652e66696c652e746f537472696e6728290a20202020202020207d0a2020202020207d0a202020207d290a2020202020202e7468656e2864617461203d3e207b0a20202020202020207265732e73746174757328323030290a202020202020202020202e73656e642864617461290a2020202020207d290a2020202020202e636174636828657272203d3e207b0a2020202020202020636f6e736f6c652e6c6f6728657272290a20202020202020207265732e73746174757328343030290a202020202020202020202e6a736f6e28657272290a2020202020207d290a20207d0a7d290a0a6d6f64756c652e6578706f727473203d20746561636865720a	80.4	2	{119505a3,2df24a88,2450f0e,1db3f8ff,1507b807,574aafa8,44bdfce5,32ef9737,2450f0e,26177103,1c05d728,2224489a,12bfbd95,178a0a14,370f9e8a,3a7961a,2a42a42b,1818ea84,2b7c4cf1,3189acda,1ec46d14,10d6696e,65c6628,791f8e20,783de600,1286b481,12644d8b,1a9ea9dc,2ffd521b,44dd155b,3a0142d8,3831c965,149c21e8,20fa54bb,1cf01e88,1a69f1c2,489f0eb5,36b15430,2145b9e1,613cfd0e,149c21e8,1d075ed1,3ddecd76,4b0d5a7,134a6f0f,149c21e8,324f1d2b,1ac39ec4,27735e46,4a007c39,149c21e8,6fcf1158,903ff13e,8a208fb8,16c7e1e3,1d96043c,1375694c,253e8e2c,211ba7af,3b71ea04,13dcd6e3,15f512e3,13c8d7bf,56e563b0,5647fc8,1cdd2b85,783de600,83f887bd,8706953e,87717155,3e420c65,12bfbd95,290efc97,1ac39ec4,59ffe54f,3b071e1a,33197726,4a007c39,1d96043c,1e12889c,24b11fd,1b59ee9b,1ac39ec4,39a54af,4ae25376,1e0554c9,21f12026,15a0cda5,33f51ba8,1c8aa875,1a7d4bdf,20d8bc00,291a9d26,3b1543b8,68503b01,4ff09ca3,32807d23,2e2cf2a6,13864b61,1d6275e9,237b0b5f,35e81654,2450f0e,2f7e7ceb,623d0be1,4f71a38,21cc66ff,111caa3a,34f5409,2abee856,37ee2589,3877ca50,114b6477,26e4b1f8,3f9d937b,12a7cb06,49f1d506,4b54bb6c,3e653313,520e68f4,827d3a4,33feba21,142573ea,4eff321f,2465a04c,15c618c5,453484c2,1bd4d043,3381d3c3,452cb733,4a7f2ebd,408c7673,3dd92a0d,3b357c11,34cf59ff,8292e377,159255c,11bb3c22,23812581,31381e08,41f3309c,442bc494,39271b6a,242fd564,13746d3b,280a8917,3831c965,20333ffa,14760785,2b2de2fe,46311d32,43280629,7dad610,572d969f,2e02e5da,1661de3e,181d1a74,2b52f06e,3917c09f,262fece8,19d0ace2,313b207b,19701b97,4aa901a3,3877ca50,114b6477,1d185e82,2845a3ac,2c543321,15ada9a5,10f64ebe,33ec5dd2,42dec6a2,37761217,2d5f48cb,49f1d506,4b54bb6c,3e653313,3a117ba,3877ca50,2f87699c,15c618c5,1d185e82,2845a3ac,3c165b6b,3fffd858,1eb657c5,18fb4ac2,4aa6eb2d,437f743c,31bc2a91,25432509,20f01c5c,2592c3d1,7112e2f3,3b357c11,34cf59ff,8292e377,159255c,11bb3c22,23812581,2058dbfa,783f7198,3efa963b,58c4af52,5d7185ef,5b49c0c0,49a8bbf2,4aa02260,30d8661e,1db1bd3f,24367a19,3693ec5e,4650b660,83446572,1375694c,50cb61ed,262fece8,19d0ace2,410d284f,2fe56855,173178df,3877ca50,114b6477,26e4b1f8,77da85ae,593ce648,27ee15d7,283b39d4,41bbd141,3877ca50,2f87699c,15c618c5,1d185e82,2845a3ac,3c165b6b,3fffd858,1eb657c5,18fb4ac2,4aa6eb2d,437f743c,31bc2a91,25432509,20f01c5c,1fe35,186edca1,1e783a8d,34cf59ff,8292e377,159255c,11bb3c22,23812581,465ce9be,87c33150,9395cb6d,7f2cae61,489f0eb5,4281884b,460fccbf,468db979,1375694c,50cb61ed,262fece8,19d0ace2,410d284f,2fe56855,173178df,3877ca50,114b6477,26e4b1f8,77da85ae,593ce648,27ee15d7,283b39d4,41bbd141,3877ca50,2f87699c,15c618c5,1d185e82,2845a3ac,3c165b6b,3fffd858,1eb657c5,18fb4ac2,4aa6eb2d,437f743c,31bc2a91,25432509,20f01c5c,451c6fde,6c7d9889,7fd543d6,2273f590,1dd00cd5,1507b807,574aafa8,44bdfce5,3582532e,58fe74f9,3031a1e3,26177103,2173988c,21bad848,37d635d,33197726,4fd6d88f,1375694c,253e8e2c,3189acda,441ffdbe,324ad6e4,25202d13,320b83b3,783de600,1286b481,1f4ada37,1356122a,2d94818c,120bfbba,1f4ada37,1f6b731c,1b09387d,52d63be6,352122c9,24f1ced9,2b0a8342,22cf1507,12bdfd84,2a2240d,1167a768,10197e6c,3a6747d9,1f4ada37,124ebcb,22fb4363,392e44da,3a751dd9,15666f3d,11d57832,30f63ec1,59dbc935,11bc0ae9,24d2a60d,21eebfcf,865a0f3e,74eeb042,3d59fd12,1f4ada37,1f6b731c,31475313,23adb1be,1f4ada37,1356122a,3f94086d,385b2f3e,1375694c,253e8e2c,3189acda,43c6ba70,14476440,562bbb2d,25202d13,2f247c62,2a20d427,194b92a9,3574bc3,34f5409,15b4ab54,21b350ed,6bae7abb,484459ca,3877ca50,114b6477,26e4b1f8,1f4a63e,3e5e1719,551062e8,283b39d4,41bbd141,3877ca50,2f87699c,15c618c5,1d185e82,2845a3ac,3c165b6b,3fffd858,1eb657c5,18fb4ac2,4aa6eb2d,437f743c,31bc2a91,25432509,20f01c5c,151734c9,1022b093,1507b807,55d6b7b3,365c9a47,25d6da15,5178cff4,3cc2f605,22457a46,10d4f4d6,12a5c41a,202bdb3f,2630e234,35908cc4,1ac39ec4,2cdcdace,3831c965,1ba6e8d7,3237c573,7d5f3dfa,25754587,1e77db45,1b29bf9e,37c7eddb,3b19292e,3ff62499,57fac995,1ac39ec4,13dc6471,298ecfed,1cc2513a,49a10ea0,59504679,1ceaaf7a,1a5c8bad,3ee6a6fd,262fece8,19d0ace2,410d284f,3191bebe,449eb695,3877ca50,114b6477,26e4b1f8,3f9d937b,2fe26c44,49f1d506,4b54bb6c,3e653313,520e68f4,827d3a4,33feba21,142573ea,4eff321f,2465a04c,15c618c5,1d185e82,2845a3ac,3c165b6b,3fffd858,1eb657c5,18fb4ac2,4aa6eb2d,437f743c,31bc2a91,25432509,20f01c5c,2592c3d1,10db3b00,1022b093,1507b807,1d2d7a63,2058dbfa,2da39c78,33ea1e95,542ae419,5b49c0c0,49a8bbf2,24ae3481,1199475e,36d37abb,33555fcd,83446572,1375694c,50cb61ed,262fece8,19d0ace2,410d284f,2fe56855,173178df,3877ca50,114b6477,26e4b1f8,77da85ae,593ce648,27ee15d7,283b39d4,41bbd141,3877ca50,2f87699c,15c618c5,1d185e82,2845a3ac,3c165b6b,3fffd858,1eb657c5,18fb4ac2,4aa6eb2d,437f743c,31bc2a91,25432509,20f01c5c,1fe35,186edca1,19b2e6d4,1022b093,1507b807,1d2d7a63,23812581,465ce9be,3c23f77e,296fa980,21111cb,271d7224,1375694c,253e8e2c,3189acda,49344412,4b7ce481,21d4178a,114b6477,26e4b1f8,77da85ae,75a5cbce,2fc8ba18,283b39d4,2a9cddf7,3934aef,5aaf92e0,33feba21,142573ea,4eff321f,2465a04c,15c618c5,453484c2,62dd461f,68f38b6a,1bc43af2,205260f1,48211293,335af8dc,159255c,11bb3c22,77cee65b,1286b481,1f4ada37,31035ea8,1f4ada37,1356122a,2d94818c,565d1a8b,52d63be6,352122c9,24f1ced9,2b0a8342,22cf1507,12bdfd84,2a2240d,1167a768,10197e6c,1ab64c8f,27acb4b1,11d57832,30f63ec1,59dbc935,11bc0ae9,24d2a60d,21eebfcf,865a0f3e,74eeb042,3d59fd12,1f4ada37,1f6b731c,31475313,23adb1be,1f4ada37,1356122a,3f94086d,385b2f3e,1375694c,253e8e2c,3189acda,365e49a9,3191bebe,2935f0b3,369aaae3,3877ca50,114b6477,26e4b1f8,3f9d937b,11999301,3dde924f,283b39d4,41bbd141,3877ca50,2f87699c,15c618c5,1d185e82,2845a3ac,3c165b6b,3fffd858,1eb657c5,18fb4ac2,4aa6eb2d,437f743c,31bc2a91,25432509,20f01c5c,451c6fde,3d1506fe,3db18e68,48211293,5926aa17,47203135,1507b807,574aafa8,44bdfce5,2adb03c5,11d4d20d,3ce26445,52fc345d,722994e0,2173988c,1286b481,1ee0da04,352122c9,24f1ced9,2b0a8342,22cf1507,12bdfd84,2a2240d,16cbf184,151dcd4e,325348b1,1f4ada37,18c817a8,122aa4e5,11d57832,30f63ec1,59dbc935,11bc0ae9,24d2a60d,21eebfcf,865a0f3e,74eeb042,3d59fd12,1f4ada37,1f6b731c,31475313,201e9a5f,1ed5384f,1be33ca4,2b18f441,2182f669,28a07067,1415fa3e,569db333,45c23b45,1b1758dc,2f9d1ba3,24a155c6,190b538d,22ea0b50,3e92c0c2,4579670f,3571ac0d,25042e46,3a751dd9,4dd67f1f,60fce5f3,2173988c,1286b481,1ee0da04,352122c9,24f1ced9,2b0a8342,22cf1507,12bdfd84,2a2240d,16cbf184,151dcd4e,325348b1,1f4ada37,18c817a8,122aa4e5,11d57832,30f63ec1,59dbc935,11bc0ae9,24d2a60d,21eebfcf,865a0f3e,74eeb042,3d59fd12,1f4ada37,1f6b731c,31475313,23adb1be,1f4ada37,25c6712a,221998a,26ef6b73,1bbdff6f,1b93b80b,190b538d,2b88f85c,488c6e5a,2ebfaf89,359222b7,38412a44,1884b537,168f6f0e,1240e260,149fff73,268072cc,285bbba7,3f1da9f4,149fff73,3e92c0c2,5f5cca68,a3df323d,881fc683,150026df,153094e2,38412a44,285bfafe,2f2bb1c0,2f2a4bc9,587f300b,33495f73,28ed15e3,50f13157,8c2501d0,83047a76,4740105a,1d141b68,30f2a91,2ca6b9c1,2af64006,15944f76,124515f0,61e795bf,1240e260,223d717a,11d4d20d,3ce26445,285bbba7,216363bc,11d4d20d,3ce26445,590f1122,150026df,153094e2,1835be82,11d4d20d,37b22c69,2f2bb1c0,2f2a4bc9,28d9f127,1344bef3,3191bebe,1178b653,3136afd5,3877ca50,114b6477,13052a9f,11333d3d,12a7cb06,283b39d4,2a9cddf7,3934aef,5aaf92e0,33feba21,142573ea,4eff321f,2465a04c,15c618c5,453484c2,62dd461f,67a9ca87,1dae734a,265a88d7,18d46f0e,15d662ae}	9	11	2020-05-29 22:18:47.221874+03	teacher.js
\.


--
-- Data for Name: student; Type: TABLE DATA; Schema: public; Owner: postgres
--

COPY public.student (id, name, password, group_number, login, created_at) FROM stdin;
1	Середкин Дмитрий Юрьевич	password	6382	test@test.com	2020-05-29 02:26:00.926917+03
3	Костин Сергей Владимирович	password	6382	test1@test.com	2020-05-29 19:30:31.170596+03
4	Петров Иван Николаевич	password	6381	test2@test.com	2020-05-29 19:32:20.157839+03
\.


--
-- Data for Name: subject; Type: TABLE DATA; Schema: public; Owner: postgres
--

COPY public.subject (id, name, created_at) FROM stdin;
2	Программирование	2020-05-29 01:45:05.339147+03
8	Алгоритмы и структуры данных	2020-05-29 01:46:53.936201+03
11	Объектно-ориентированное программирование	2020-05-29 01:51:31.415534+03
12	Построение и анализ алгоритмов	2020-05-29 01:51:31.415534+03
13	Web-технологии	2020-05-29 01:51:31.415534+03
14	Компьютерная графика	2020-05-29 01:51:31.415534+03
15	Криптография и защита информации	2020-05-29 01:51:31.415534+03
\.


--
-- Data for Name: task; Type: TABLE DATA; Schema: public; Owner: postgres
--

COPY public.task (id, name, exts, groups, subject_id, teacher_id, description, bound, created_at, check_type) FROM stdin;
10	Новое задание ()	{.}	{6381,6382,6383}	2	1	\N	60	2020-05-29 08:19:39.877944+03	task
1	Тестовое задание	{.js,.ts}	{6382}	2	1	Описание отсутствует	65	2020-05-29 04:27:38.77476+03	subject
11	Задание с новыми полями	{.cpp}	{6381,6383}	2	1		80	2020-05-30 01:54:38.483731+03	subject
\.


--
-- Data for Name: teacher; Type: TABLE DATA; Schema: public; Owner: postgres
--

COPY public.teacher (id, name, password, login, created_at) FROM stdin;
1	Иванов Сергей Владимирович	password	test@test.com	2020-05-29 02:07:53.299186+03
3	Горшкова Ирина Дмитрьевна	password	test0@test.com	2020-05-29 04:11:30.80346+03
\.


--
-- Data for Name: teacher_subject; Type: TABLE DATA; Schema: public; Owner: postgres
--

COPY public.teacher_subject (teacher_id, subject_id, groups, created_at) FROM stdin;
1	2	{6381,6382,6383}	2020-05-29 02:04:08.466554+03
1	11	{6381,6382}	2020-05-29 02:04:08.466554+03
1	12	{6381,6383}	2020-05-29 02:04:08.466554+03
3	13	{5381}	2020-05-29 04:13:54.459682+03
3	15	{5381,5382,5383}	2020-05-29 04:13:54.459682+03
\.


--
-- Name: solution_id_seq; Type: SEQUENCE SET; Schema: public; Owner: postgres
--

SELECT pg_catalog.setval('public.solution_id_seq', 45, true);


--
-- Name: student_id_seq; Type: SEQUENCE SET; Schema: public; Owner: postgres
--

SELECT pg_catalog.setval('public.student_id_seq', 4, true);


--
-- Name: subject_subject_id_seq; Type: SEQUENCE SET; Schema: public; Owner: postgres
--

SELECT pg_catalog.setval('public.subject_subject_id_seq', 15, true);


--
-- Name: task_id_seq; Type: SEQUENCE SET; Schema: public; Owner: postgres
--

SELECT pg_catalog.setval('public.task_id_seq', 11, true);


--
-- Name: teacher_teacher_id_seq; Type: SEQUENCE SET; Schema: public; Owner: postgres
--

SELECT pg_catalog.setval('public.teacher_teacher_id_seq', 3, true);


--
-- Name: solution solution_pkey; Type: CONSTRAINT; Schema: public; Owner: postgres
--

ALTER TABLE ONLY public.solution
    ADD CONSTRAINT solution_pkey PRIMARY KEY (task_id, student_id);


--
-- Name: student student_login_key; Type: CONSTRAINT; Schema: public; Owner: postgres
--

ALTER TABLE ONLY public.student
    ADD CONSTRAINT student_login_key UNIQUE (login);


--
-- Name: student student_pkey; Type: CONSTRAINT; Schema: public; Owner: postgres
--

ALTER TABLE ONLY public.student
    ADD CONSTRAINT student_pkey PRIMARY KEY (id);


--
-- Name: subject subject_name_key; Type: CONSTRAINT; Schema: public; Owner: postgres
--

ALTER TABLE ONLY public.subject
    ADD CONSTRAINT subject_name_key UNIQUE (name);


--
-- Name: subject subject_pkey; Type: CONSTRAINT; Schema: public; Owner: postgres
--

ALTER TABLE ONLY public.subject
    ADD CONSTRAINT subject_pkey PRIMARY KEY (id);


--
-- Name: task task_name_key; Type: CONSTRAINT; Schema: public; Owner: postgres
--

ALTER TABLE ONLY public.task
    ADD CONSTRAINT task_name_key UNIQUE (name);


--
-- Name: task task_pkey; Type: CONSTRAINT; Schema: public; Owner: postgres
--

ALTER TABLE ONLY public.task
    ADD CONSTRAINT task_pkey PRIMARY KEY (id);


--
-- Name: teacher teacher_login_key; Type: CONSTRAINT; Schema: public; Owner: postgres
--

ALTER TABLE ONLY public.teacher
    ADD CONSTRAINT teacher_login_key UNIQUE (login);


--
-- Name: teacher teacher_pkey; Type: CONSTRAINT; Schema: public; Owner: postgres
--

ALTER TABLE ONLY public.teacher
    ADD CONSTRAINT teacher_pkey PRIMARY KEY (id);


--
-- Name: teacher_subject teacher_subject_pkey; Type: CONSTRAINT; Schema: public; Owner: postgres
--

ALTER TABLE ONLY public.teacher_subject
    ADD CONSTRAINT teacher_subject_pkey PRIMARY KEY (teacher_id, subject_id);


--
-- Name: solution solution_student_id_fkey; Type: FK CONSTRAINT; Schema: public; Owner: postgres
--

ALTER TABLE ONLY public.solution
    ADD CONSTRAINT solution_student_id_fkey FOREIGN KEY (student_id) REFERENCES public.student(id);


--
-- Name: solution solution_subject_id_fkey; Type: FK CONSTRAINT; Schema: public; Owner: postgres
--

ALTER TABLE ONLY public.solution
    ADD CONSTRAINT solution_subject_id_fkey FOREIGN KEY (subject_id) REFERENCES public.subject(id);


--
-- Name: solution solution_task_id_fkey; Type: FK CONSTRAINT; Schema: public; Owner: postgres
--

ALTER TABLE ONLY public.solution
    ADD CONSTRAINT solution_task_id_fkey FOREIGN KEY (task_id) REFERENCES public.task(id);


--
-- Name: task task_subject_id_fkey; Type: FK CONSTRAINT; Schema: public; Owner: postgres
--

ALTER TABLE ONLY public.task
    ADD CONSTRAINT task_subject_id_fkey FOREIGN KEY (subject_id) REFERENCES public.subject(id) ON DELETE CASCADE;


--
-- Name: task task_teacher_id_fkey; Type: FK CONSTRAINT; Schema: public; Owner: postgres
--

ALTER TABLE ONLY public.task
    ADD CONSTRAINT task_teacher_id_fkey FOREIGN KEY (teacher_id) REFERENCES public.teacher(id) ON DELETE CASCADE;


--
-- Name: teacher_subject teacher_subject_subject_id_fkey; Type: FK CONSTRAINT; Schema: public; Owner: postgres
--

ALTER TABLE ONLY public.teacher_subject
    ADD CONSTRAINT teacher_subject_subject_id_fkey FOREIGN KEY (subject_id) REFERENCES public.subject(id) ON DELETE CASCADE;


--
-- Name: teacher_subject teacher_subject_teacher_id_fkey; Type: FK CONSTRAINT; Schema: public; Owner: postgres
--

ALTER TABLE ONLY public.teacher_subject
    ADD CONSTRAINT teacher_subject_teacher_id_fkey FOREIGN KEY (teacher_id) REFERENCES public.teacher(id) ON DELETE CASCADE;


--
-- PostgreSQL database dump complete
--

