--
-- PostgreSQL database dump
--

-- Dumped from database version 10.12 (Ubuntu 10.12-0ubuntu0.18.04.1)
-- Dumped by pg_dump version 10.12 (Ubuntu 10.12-0ubuntu0.18.04.1)

SET statement_timeout = 0;
SET lock_timeout = 0;
SET idle_in_transaction_session_timeout = 0;
SET client_encoding = 'UTF8';
SET standard_conforming_strings = on;
SELECT pg_catalog.set_config('search_path', '', false);
SET check_function_bodies = false;
SET xmloption = content;
SET client_min_messages = warning;
SET row_security = off;

--
-- Name: plpgsql; Type: EXTENSION; Schema: -; Owner: 
--

CREATE EXTENSION IF NOT EXISTS plpgsql WITH SCHEMA pg_catalog;


--
-- Name: EXTENSION plpgsql; Type: COMMENT; Schema: -; Owner: 
--

COMMENT ON EXTENSION plpgsql IS 'PL/pgSQL procedural language';


SET default_tablespace = '';

SET default_with_oids = false;

--
-- Name: group_number; Type: TABLE; Schema: public; Owner: postgres
--

CREATE TABLE public.group_number (
    id integer NOT NULL,
    number character varying(4) NOT NULL,
    created_at timestamp with time zone DEFAULT now()
);


ALTER TABLE public.group_number OWNER TO postgres;

--
-- Name: group_number_id_seq; Type: SEQUENCE; Schema: public; Owner: postgres
--

CREATE SEQUENCE public.group_number_id_seq
    AS integer
    START WITH 1
    INCREMENT BY 1
    NO MINVALUE
    NO MAXVALUE
    CACHE 1;


ALTER TABLE public.group_number_id_seq OWNER TO postgres;

--
-- Name: group_number_id_seq; Type: SEQUENCE OWNED BY; Schema: public; Owner: postgres
--

ALTER SEQUENCE public.group_number_id_seq OWNED BY public.group_number.id;


--
-- Name: solution; Type: TABLE; Schema: public; Owner: postgres
--

CREATE TABLE public.solution (
    task_id integer NOT NULL,
    student_id integer NOT NULL,
    file bytea,
    originality numeric(4,1) NOT NULL,
    subject_id integer NOT NULL,
    fingerprint character varying(9)[],
    id integer NOT NULL,
    reference_id integer,
    created_at timestamp with time zone DEFAULT now() NOT NULL,
    file_name character varying(15)
);


ALTER TABLE public.solution OWNER TO postgres;

--
-- Name: solution_id_seq; Type: SEQUENCE; Schema: public; Owner: postgres
--

CREATE SEQUENCE public.solution_id_seq
    AS integer
    START WITH 1
    INCREMENT BY 1
    NO MINVALUE
    NO MAXVALUE
    CACHE 1;


ALTER TABLE public.solution_id_seq OWNER TO postgres;

--
-- Name: solution_id_seq; Type: SEQUENCE OWNED BY; Schema: public; Owner: postgres
--

ALTER SEQUENCE public.solution_id_seq OWNED BY public.solution.id;


--
-- Name: student; Type: TABLE; Schema: public; Owner: postgres
--

CREATE TABLE public.student (
    id integer NOT NULL,
    name character varying(50) NOT NULL,
    password character varying(25) NOT NULL,
    group_number character varying(4) NOT NULL,
    login character varying(25) NOT NULL,
    created_at timestamp with time zone DEFAULT now() NOT NULL
);


ALTER TABLE public.student OWNER TO postgres;

--
-- Name: student_id_seq; Type: SEQUENCE; Schema: public; Owner: postgres
--

CREATE SEQUENCE public.student_id_seq
    AS integer
    START WITH 1
    INCREMENT BY 1
    NO MINVALUE
    NO MAXVALUE
    CACHE 1;


ALTER TABLE public.student_id_seq OWNER TO postgres;

--
-- Name: student_id_seq; Type: SEQUENCE OWNED BY; Schema: public; Owner: postgres
--

ALTER SEQUENCE public.student_id_seq OWNED BY public.student.id;


--
-- Name: subject; Type: TABLE; Schema: public; Owner: postgres
--

CREATE TABLE public.subject (
    id integer NOT NULL,
    name character varying(50) NOT NULL,
    created_at timestamp with time zone DEFAULT now() NOT NULL
);


ALTER TABLE public.subject OWNER TO postgres;

--
-- Name: subject_subject_id_seq; Type: SEQUENCE; Schema: public; Owner: postgres
--

CREATE SEQUENCE public.subject_subject_id_seq
    AS integer
    START WITH 1
    INCREMENT BY 1
    NO MINVALUE
    NO MAXVALUE
    CACHE 1;


ALTER TABLE public.subject_subject_id_seq OWNER TO postgres;

--
-- Name: subject_subject_id_seq; Type: SEQUENCE OWNED BY; Schema: public; Owner: postgres
--

ALTER SEQUENCE public.subject_subject_id_seq OWNED BY public.subject.id;


--
-- Name: task; Type: TABLE; Schema: public; Owner: postgres
--

CREATE TABLE public.task (
    id integer NOT NULL,
    name character varying(100) NOT NULL,
    exts character varying(10)[],
    groups character varying(4)[],
    subject_id integer NOT NULL,
    teacher_id integer NOT NULL,
    description character varying(500),
    bound smallint DEFAULT 60 NOT NULL,
    created_at timestamp with time zone DEFAULT now() NOT NULL,
    check_type character varying(7) DEFAULT 'task'::character varying NOT NULL,
    group_ids integer[]
);


ALTER TABLE public.task OWNER TO postgres;

--
-- Name: task_id_seq; Type: SEQUENCE; Schema: public; Owner: postgres
--

CREATE SEQUENCE public.task_id_seq
    AS integer
    START WITH 1
    INCREMENT BY 1
    NO MINVALUE
    NO MAXVALUE
    CACHE 1;


ALTER TABLE public.task_id_seq OWNER TO postgres;

--
-- Name: task_id_seq; Type: SEQUENCE OWNED BY; Schema: public; Owner: postgres
--

ALTER SEQUENCE public.task_id_seq OWNED BY public.task.id;


--
-- Name: teacher; Type: TABLE; Schema: public; Owner: postgres
--

CREATE TABLE public.teacher (
    id integer NOT NULL,
    name character varying(50) NOT NULL,
    password character varying(50) NOT NULL,
    login character varying(25) NOT NULL,
    created_at timestamp with time zone DEFAULT now() NOT NULL
);


ALTER TABLE public.teacher OWNER TO postgres;

--
-- Name: teacher_subject; Type: TABLE; Schema: public; Owner: postgres
--

CREATE TABLE public.teacher_subject (
    teacher_id integer NOT NULL,
    subject_id integer NOT NULL,
    groups character varying(4)[],
    created_at timestamp with time zone DEFAULT now() NOT NULL,
    group_ids integer[]
);


ALTER TABLE public.teacher_subject OWNER TO postgres;

--
-- Name: teacher_teacher_id_seq; Type: SEQUENCE; Schema: public; Owner: postgres
--

CREATE SEQUENCE public.teacher_teacher_id_seq
    AS integer
    START WITH 1
    INCREMENT BY 1
    NO MINVALUE
    NO MAXVALUE
    CACHE 1;


ALTER TABLE public.teacher_teacher_id_seq OWNER TO postgres;

--
-- Name: teacher_teacher_id_seq; Type: SEQUENCE OWNED BY; Schema: public; Owner: postgres
--

ALTER SEQUENCE public.teacher_teacher_id_seq OWNED BY public.teacher.id;


--
-- Name: user_info; Type: TABLE; Schema: public; Owner: postgres
--

CREATE TABLE public.user_info (
    id integer NOT NULL,
    email character varying(25) NOT NULL,
    password character varying(25) NOT NULL,
    name character varying(50) NOT NULL,
    group_id integer,
    access_type character varying(10) NOT NULL,
    created_at timestamp with time zone DEFAULT now()
);


ALTER TABLE public.user_info OWNER TO postgres;

--
-- Name: user_info_id_seq; Type: SEQUENCE; Schema: public; Owner: postgres
--

CREATE SEQUENCE public.user_info_id_seq
    AS integer
    START WITH 1
    INCREMENT BY 1
    NO MINVALUE
    NO MAXVALUE
    CACHE 1;


ALTER TABLE public.user_info_id_seq OWNER TO postgres;

--
-- Name: user_info_id_seq; Type: SEQUENCE OWNED BY; Schema: public; Owner: postgres
--

ALTER SEQUENCE public.user_info_id_seq OWNED BY public.user_info.id;


--
-- Name: group_number id; Type: DEFAULT; Schema: public; Owner: postgres
--

ALTER TABLE ONLY public.group_number ALTER COLUMN id SET DEFAULT nextval('public.group_number_id_seq'::regclass);


--
-- Name: solution id; Type: DEFAULT; Schema: public; Owner: postgres
--

ALTER TABLE ONLY public.solution ALTER COLUMN id SET DEFAULT nextval('public.solution_id_seq'::regclass);


--
-- Name: student id; Type: DEFAULT; Schema: public; Owner: postgres
--

ALTER TABLE ONLY public.student ALTER COLUMN id SET DEFAULT nextval('public.student_id_seq'::regclass);


--
-- Name: subject id; Type: DEFAULT; Schema: public; Owner: postgres
--

ALTER TABLE ONLY public.subject ALTER COLUMN id SET DEFAULT nextval('public.subject_subject_id_seq'::regclass);


--
-- Name: task id; Type: DEFAULT; Schema: public; Owner: postgres
--

ALTER TABLE ONLY public.task ALTER COLUMN id SET DEFAULT nextval('public.task_id_seq'::regclass);


--
-- Name: teacher id; Type: DEFAULT; Schema: public; Owner: postgres
--

ALTER TABLE ONLY public.teacher ALTER COLUMN id SET DEFAULT nextval('public.teacher_teacher_id_seq'::regclass);


--
-- Name: user_info id; Type: DEFAULT; Schema: public; Owner: postgres
--

ALTER TABLE ONLY public.user_info ALTER COLUMN id SET DEFAULT nextval('public.user_info_id_seq'::regclass);


--
-- Data for Name: group_number; Type: TABLE DATA; Schema: public; Owner: postgres
--

COPY public.group_number (id, number, created_at) FROM stdin;
2	6381	2020-06-12 13:58:34.171544+03
3	6382	2020-06-12 13:58:34.171544+03
1	6383	2020-06-12 13:52:55.811925+03
6	5371	2020-06-16 15:53:12.040906+03
\.


--
-- Data for Name: solution; Type: TABLE DATA; Schema: public; Owner: postgres
--

COPY public.solution (task_id, student_id, file, originality, subject_id, fingerprint, id, reference_id, created_at, file_name) FROM stdin;
1	3	\\x636f6e7374207b2066696e6446696e6765727072696e742c2066696e6453696d696c6172697479207d203d207265717569726528272e2e2f616e7469706c616769617427290a0a6d6f64756c652e6578706f727473203d2066756e6374696f6e2028646229207b0a202072657475726e207b0a202020202f2f20544f444f3a2072656d6f7665206166746572206d616b696e67206a777420617574680a2020202067657453747564656e74496e666f287265712c207265732c206e65787429207b0a20202020202064622e7461736b286173796e632074203d3e207b0a2020202020202020636f6e73742073747564656e74496e666f203d2061776169742064622e6f6e6528600a2020202020202020202073656c6563742069642c206e616d652c2067726f75705f6e756d6265722066726f6d2073747564656e740a202020202020202020207768657265206964203d20245b69645d0a2020202020202020602c207265712e706172616d73290a2020202020202020636f6e7374207375626a65637473203d2061776169742064622e616e7928600a2020202020202020202073656c656374207375626a6563742e69642c207375626a6563742e6e616d652066726f6d2073747564656e740a20202020202020202020696e6e6572206a6f696e20746561636865725f7375626a6563740a202020202020202020206f6e2073747564656e742e67726f75705f6e756d626572203d20616e792028746561636865725f7375626a6563742e67726f757073290a20202020202020202020696e6e6572206a6f696e207375626a6563740a202020202020202020206f6e207375626a6563742e6964203d20746561636865725f7375626a6563742e7375626a6563745f69640a2020202020202020202077686572652073747564656e742e6964203d20245b69645d0a2020202020202020602c207265712e706172616d73290a0a2020202020202020666f7220286c6574207375626a656374206f66207375626a6563747329207b0a202020202020202020207375626a6563742e7461736b73203d2061776169742064622e616e7928600a20202020202020202020202073656c656374207461736b2e69642c207461736b2e6e616d652c207461736b2e7375626a6563745f69642c207461736b2e626f756e642c20736f6c7574696f6e2e6f726967696e616c6974793a3a6e756d657269632066726f6d207461736b0a2020202020202020202020206c656674206a6f696e20736f6c7574696f6e0a2020202020202020202020206f6e207461736b2e6964203d20736f6c7574696f6e2e7461736b5f69640a202020202020202020202020776865726520245b67726f75705d203d20616e79202867726f7570732920616e64207461736b2e7375626a6563745f6964203d20245b7375626a6563745f69645d20616e642028736f6c7574696f6e2e73747564656e745f6964203d20245b69645d206f7220736f6c7574696f6e2e73747564656e745f6964206973206e756c6c290a20202020202020202020602c207b0a20202020202020202020202069643a2073747564656e74496e666f2e69642c0a2020202020202020202020207375626a6563745f69643a207375626a6563742e69642c0a20202020202020202020202067726f75703a2073747564656e74496e666f2e67726f75705f6e756d6265720a202020202020202020207d290a20202020202020207d0a0a202020202020202073747564656e74496e666f2e7375626a65637473203d207375626a656374730a202020202020202072657475726e2073747564656e74496e666f0a2020202020207d2920202020200a20202020202020202e7468656e28286461746129203d3e207265732e73746174757328323030292e6a736f6e286461746129290a20202020202020202e63617463682866756e6374696f6e2865727229207b0a20202020202020202020636f6e736f6c652e6c6f6728657272290a202020202020202020207265732e73746174757328343030290a202020202020202020202e6a736f6e287b0a2020202020202020202020207374617475733a20276572726f72272c0a2020202020202020202020206d6573736167653a20276e6f20737563682075736572270a202020202020202020207d290a20202020202020207d290a202020207d2c0a0a20202020636865636b536f6c7574696f6e287265712c2072657329207b0a202020202020636f6e736f6c652e6c6f67287265712e66696c65290a202020202020636f6e737420627566203d204275666665722e66726f6d287265712e66696c652e627566666572290a202020202020636f6e73742066696e6765727072696e74203d2066696e6446696e6765727072696e74286275662e746f537472696e672829290a0a20202020202064622e7461736b286173796e63202074203d3e207b0a2020202020202020636f6e737420686173686573203d2061776169742064622e616e7928600a2020202020202020202073656c6563742069642c2066696e6765727072696e742066726f6d20736f6c7574696f6e0a202020202020202020207768657265207461736b5f696420213d20245b7461736b5f69645d206f722073747564656e745f696420213d20245b73747564656e745f69645d0a2020202020202020602c207265712e626f6479290a2020202020202020636f6e7374205b6f726967696e616c6974792c207265666572656e63655d203d2066696e6453696d696c6172697479286861736865732c2066696e6765727072696e74290a0a2020202020202020636f6e737420726573756c74203d2061776169742064622e6f6e6528600a20202020202020202020696e7365727420696e746f20736f6c7574696f6e20287461736b5f69642c2073747564656e745f69642c207375626a6563745f69642c206f726967696e616c6974792c2066696e6765727072696e742c2066696c652c207265666572656e63655f69642c2066696c655f6e616d65290a2020202020202020202076616c7565732028245b7461736b5f69645d2c20245b73747564656e745f69645d2c20245b7375626a6563745f69645d2c20245b6f726967696e616c6974795d2c20245b66696e6765727072696e745d2c20245b66696c655d2c20245b7265666572656e63655f69645d2c20245b66696c655f6e616d655d290a202020202020202020206f6e20636f6e666c696374206f6e20636f6e73747261696e7420736f6c7574696f6e5f706b65790a20202020202020202020646f20757064617465200a202020202020202020207365742066696e6765727072696e74203d20245b66696e6765727072696e745d2c0a202020202020202020202020202066696c65203d20245b66696c655d2c0a20202020202020202020202020206f726967696e616c697479203d20245b6f726967696e616c6974795d2c0a20202020202020202020202020207265666572656e63655f6964203d20245b7265666572656e63655f69645d2c0a2020202020202020202020202020637265617465645f6174203d204e4f5728292c0a202020202020202020202020202066696c655f6e616d65203d20245b66696c655f6e616d655d0a20202020202020202020776865726520736f6c7574696f6e2e7461736b5f6964203d206578636c756465642e7461736b5f696420616e6420736f6c7574696f6e2e73747564656e745f6964203d206578636c756465642e73747564656e745f69640a2020202020202020202072657475726e696e67206f726967696e616c6974790a2020202020202020602c207b0a202020202020202020202e2e2e7265712e626f64792c0a2020202020202020202066696c653a20605c5c78247b6275662e746f537472696e67282768657827297d602c0a2020202020202020202066696c655f6e616d653a207265712e66696c652e6f726967696e616c6e616d652c0a2020202020202020202066696e6765727072696e742c0a202020202020202020206f726967696e616c6974793a206f726967696e616c6974792c0a202020202020202020207265666572656e63655f69643a207265666572656e6365202626207265666572656e63652e69640a20202020202020207d290a0a202020202020202072657475726e20726573756c740a2020202020207d290a20202020202020202e7468656e2864617461203d3e207265732e73746174757328323030292e6a736f6e286461746129290a20202020202020202e636174636828657272203d3e207b0a20202020202020202020636f6e736f6c652e6c6f6728657272290a202020202020202020207265732e73746174757328343030292e6a736f6e28276572726f7227290a20202020202020207d290a202020207d0a20207d0a7d0a	33.0	2	{13c81397,64ed4ee6,35c9c00a,34c1a543,29ff4fc6,13cb1b89,130047bc,2567ceb6,52f879ee,4d74c111,53f483aa,2bbd519f,40a13359,18d46f0e,35425eee,27a9804b,160e0981,3d1506fe,2127c0be,3afaf666,159255c,11bb3c22,397,44bdfce5,171e2102,13abc7b9,67042f3a,4cfa2455,427632de,3031a1e3,26177103,2173988c,12bfbd95,44b06264,3c4bd502,2a2240d,1d83c77d,25ff121d,4729ffc,8b2b1bd6,9ca62416,83446572,1375694c,253e8e2c,1ec46d14,10d6696e,65c6628,791f8e20,783de600,1286b481,12644d8b,1a9ea9dc,2ffd521b,59110e2e,397c2292,12fe28bf,376b5104,2d7ffa4f,1c91b83,2145b9e1,613cfd0e,149c21e8,1d075ed1,5bfb108a,2b0a8342,22cf1507,12bdfd84,2a2240d,15a57a2d,213fc87e,613cfd0e,149c21e8,20fa54bb,4222b030,10454b66,1d075ed1,3ddecd76,4b0d5a7,134a6f0f,149c21e8,324f1d2b,1ac39ec4,13129b32,246cafd7,155df4c9,119998c3,1375694c,253e8e2c,211ba7af,3b71ea04,13dcd6e3,15f512e3,13c8d7bf,56e563b0,4f222291,28f43ba7,1d6275e9,1cdd2b85,783de600,6452227a,5f3f3931,196b8d9d,2e83f9f5,339d0dc8,4281dddb,10d19c59,30d3a866,1ac39ec4,2bb11ed7,2df7b189,1e985fa9,1f4ada37,115e93f4,10197e6c,3d714bfb,2641c0ce,268feb2a,12e00d26,2731af8e,2a8f4315,1e91ab31,31357000,4a356580,3c513155,1f4ada37,1356122a,1a83cac2,1fa67d59,2041759a,10ad1d25,1f198773,1f564544,30d3a866,1ac39ec4,39a54af,4ae25376,57fac995,1ac39ec4,1bb1595c,132e2eec,10788fdf,1f4ada37,1f6b731c,5fa973a7,385b2f3e,3cc107d3,1f4ada37,1f6b731c,191bcf7b,1ce91b58,1b881e50,27c9eb8e,5a51d58b,4141f06e,1138da84,1ac39ec4,5554aea1,4ff09ca3,447da1,104e51e5,1d4ef133,4da0d912,28e8e883,5a51d58b,6a8c6c50,2c4ee866,12bdfd84,2a2240d,2d8575c7,786ac686,6a8d2570,2f7e7ceb,623d0be1,4f71a38,1135d5f7,286060d7,3a2665c5,34f5409,2abee856,22381617,21d4178a,114b6477,26e4b1f8,3f9d937b,2fe26c44,49f1d506,4b54bb6c,3e653313,520e68f4,827d3a4,33feba21,142573ea,4eff321f,2465a04c,15c618c5,1d185e82,2845a3ac,3c165b6b,3fffd858,1eb657c5,33ec5dd2,4f049ac5,9a1a217d,72a97b09,2bc9681c,3cd11c4e,679d6a35,4af1c762,19cf68b0,3b589f33,5926aa17,7297ece2,24f7527d,4a90cb7f,33feba21,6140e188,85745a81,3ab2f895,3aa00348,1c59fa37,1ca95a1d,22374f6,3869e372,425fc17e,3ec211fb,13a497c2,196d5aa7,64ed4ee6,56c8c117,43a594d4,11b1c4,16a7770c,1bde4a59,196c0ad0,44bdfce5,22c7f890,20a4ed4d,175e5624,783de600,83f887bd,8706953e,87717155,a04be1eb,4d7c379f,301af5e4,2d99571c,1e09bbc7,11d57832,104f0b9a,1ed5384f,50a1f7cf,2182f669,26ed8ecc,37731815,53f3c82b,1bec4f8a,1b1758dc,2f9d1ba3,3aeca052,508457fb,50cb61ed,640695b,12d152ad,10197e6c,22948f90,527c6070,6445eab6,4756aa78,1512b073,13cb1b89,404fa003,12b4f552,25de65b8,1512fcd6,10397275,1d89a17e,25d6da15,5178cff4,5c46e510,363d4df6,48e1e983,5e8ef806,6310c352,715f5b21,7739daf1,2ffd521b,1ac39ec4,1de39e1c,10197e6c,21ff95fe,25de65b8,1528170b,5d5cbc54,5af96802,3a751dd9,1e62ef91,3a404cd2,26e4d88,254cd130,23389506,2182f669,31134033,1b1758dc,2f9d1ba3,245ac6fd,235aeca9,1ac39ec4,13dc6471,15f67c95,10197e6c,4f4dc08d,25de65b8,37de5029,35215d32,355a632d,3a751dd9,190dc067,3c680137,4d93fc28,44107464,492b57a0,4819f771,1ddfc2e8,147c7b90,50d517c1,166dbcac,2b45d05a,2c337e38,1ff6c9d6,25de65b8,2ac46df1,33a7fba,2d37153b,26a73825,44c7689e,10197e6c,368320be,5c5e64e9,10197e6c,1b8faf9f,177c7022,29fdeeba,221998a,3a751dd9,1347babc,1fac30a1,3f56b208,44906a81,22d2357,10ae9d0f,13b9087a,4141a8f5,4ef3d51d,23adb1be,1f4ada37,1356122a,3f94086d,3c0df93e,1fb4f933,4fbc8727,3b7a9e3b,1ba06a9a,23758210,1d9732b4,1f4ada37,1f6b731c,5fa973a7,4f74749e,1fb4f933,5c0d6675,1b85e54a,2135c42f,28709f2e,7a5acad6,a926fe4b,278c4a32,10197e6c,12daac08,2f04c350,235fd10f,41fc1a7f,1751ff55,5159a2b0,16a7770c,1aa3a564,29528d13,7cef51b8,253f2649,3a404cd2,2e9ccba7,22374f6,143705fe,34e47dbd,2a2b9342,1a5ae504,25de65b8,3861fc15,10197e6c,1fb8aae6,1746f10e,10197e6c,22948f90,3a751dd9,21d1ab2d,29c30c4c,22eb8367,3456163,431cc72,78d97f9a,4ee6ef54,493f4143,2065aa52,285e5cb8,3bdaec6b,3191bebe,449eb695,3877ca50,114b6477,26e4b1f8,3f9d937b,2fe26c44,283b39d4,2a9cddf7,3934aef,5aaf92e0,33feba21,142573ea,4eff321f,2465a04c,15c618c5,453484c2,113417bf,282b7257}	11	9	2020-05-29 22:16:50.614231+03	student.js
1	1	\\x636f6e737420706770203d2072657175697265282770672d70726f6d697365272928290a2f2f20594541480a0a6d6f64756c652e6578706f727473203d207b0a202073747564656e743a2073747564656e74286462292c0a2020746561636865723a2074656163686572286462292f2f20534f4d45205445535420434f4d4d454e540a7d0a0a0a636f6e73742073747564656e74203d207265717569726528272e2f73747564656e7427290a636f6e73742074656163686572203d207265717569726528272e2f746561636865722729202f2f20434f4d4d454e540a2f2f20434f4d4d454e540a636f6e7374206462203d207067702870726f636573732e656e762e44415441424153455f55524c29202f2f20434f4d4d454e540a0a0a2f2a2a0a202a20434f4d4d454e5453204d4f52450a202a2f0a	16.7	2	{167fd897,7be58a68,2d89d881,3b615692,4fda0122,1cef5b59,3123448d,1aa65edb,2634c5bb,190e09df,5431964e,342c8088,2d7758e8,167fd897,82dca78d,8082f0b9,66e49a29,1794769b,167fd897,230cca60,76c12dd0,7c8a9d22,46dbb660,1479e773,779261ea,2c8525af,26b099cb,18badca0,6c7d2bd7,1f0a70ba}	9	12	2020-05-31 04:02:39.513731+03	test.js
10	1	\\x636f6e73742074656163686572203d206462203d3e20287b0a20202f2f20544f444f3a2072656d6f7665206166746572206d616b696e67206a777420617574680a202067657454656163686572496e666f287265712c2072657329207b0a2020202064622e7461736b286173796e632074203d3e207b0a202020202020636f6e73742074656163686572496e666f203d2061776169742064622e6f6e65282773656c6563742069642c206e616d652066726f6d2074656163686572207768657265206964203d20247b69647d272c207265712e706172616d73290a202020202020636f6e7374207375626a65637473203d2061776169742064622e616e7928600a202020202020202073656c656374207375626a6563742e69642c207375626a6563742e6e616d652c20746561636865725f7375626a6563742e67726f7570732066726f6d207375626a6563740a2020202020202020696e6e6572206a6f696e20746561636865725f7375626a6563740a20202020202020206f6e207375626a6563742e6964203d20746561636865725f7375626a6563742e7375626a6563745f69640a2020202020202020776865726520746561636865725f7375626a6563742e746561636865725f6964203d20245b69645d0a20202020202020206f72646572206279207375626a6563742e6e616d652020202020200a202020202020602c207265712e706172616d73290a2020202020200a202020202020666f7220287375626a656374206f66207375626a6563747329207b0a2020202020202020636f6e7374207461736b73203d2061776169742064622e616e7928600a2020202020202020202073656c6563742069642c206e616d652c207375626a6563745f69642066726f6d207461736b0a20202020202020202020776865726520746561636865725f6964203d20245b69645d20616e64207375626a6563745f6964203d20245b7375626a65637449645d0a202020202020202020206f7264657220627920637265617465645f61740a2020202020202020602c207b202e2e2e7265712e706172616d732c207375626a65637449643a207375626a6563742e6964207d290a0a20202020202020207375626a6563742e7461736b73203d207461736b730a2020202020207d0a20202020202074656163686572496e666f2e7375626a65637473203d207375626a656374730a202020200a20202020202072657475726e2074656163686572496e666f0a202020207d290a2020202020202e7468656e2866756e6374696f6e20286461746129207b0a20202020202020207265732e73746174757328323030290a202020202020202020202e6a736f6e2864617461290a2020202020207d2920200a2020202020202e63617463682866756e6374696f6e2865727229207b0a2020202020202020636f6e736f6c652e6c6f6728657272290a20202020202020207265732e73746174757328343030290a202020202020202020202e6a736f6e28276fd188d0b8d0b1d0bad0b027290a2020202020207d290a20207d2c0a0a20206372656174655375626a656374287265712c207265732c206e65787429207b0a2020202064622e6e6f6e652827696e7365727420696e746f207375626a65637420286e616d652c20746561636865725f69642c2067726f757073292076616c7565732028247b6e616d657d2c20247b746561636865725f69647d2c20247b67726f7570737d29272c207265712e626f6479290a2020202020202e7468656e2866756e6374696f6e2829207b0a20202020202020207265732e73746174757328323030290a202020202020202020202e6a736f6e287b0a2020202020202020202020207374617475733a202773756363657373272c0a2020202020202020202020206d6573736167653a20276f6b270a202020202020202020207d290a2020202020207d290a2020202020202e63617463682866756e6374696f6e2865727229207b0a20202020202020207265732e73746174757328343030290a202020202020202020202e6a736f6e287b0a2020202020202020202020207374617475733a20276572726f72272c0a2020202020202020202020206d6573736167653a202777726f6e6720726571756573742064617461270a202020202020202020207d290a2020202020207d290a20207d2c0a0a20207570646174655375626a656374287265712c207265732c206e65787429207b0a2020202064622e6e6f6e6528600a202020202020757064617465207375626a6563740a202020202020736574206e616d65203d20245b6e616d655d2c0a2020202020202020202067726f757073203d20245b67726f7570735d0a2020202020207768657265206964203d20245b69645d0a20202020602c207265712e626f6479290a2020202020202e7468656e282829203d3e207b0a20202020202020207265732e73746174757328323030290a202020202020202020202e6a736f6e28276f6b27290a2020202020207d290a2020202020202e6361746368286572726f72203d3e207b0a20202020202020207265732e73746174757328343030290a202020202020202020202e6a736f6e287b0a2020202020202020202020207374617475733a20276572726f72272c0a2020202020202020202020206d6573736167653a202777726f6e6720726571756573742064617461270a202020202020202020207d290a2020202020207d290a20207d2c0a0a202064656c6574655375626a656374287265712c207265732c206e65787429207b0a2020202064622e6e6f6e6528600a20202020202064656c6574652066726f6d207375626a6563740a2020202020207768657265206964203d20245b69645d0a20202020602c207265712e626f6479290a2020202020202e7468656e282829203d3e207b0a20202020202020207265732e73746174757328323030290a202020202020202020202e6a736f6e28276f6b27290a2020202020207d290a2020202020202e6361746368286572726f72203d3e207b0a20202020202020207265732e73746174757328343030290a202020202020202020202e6a736f6e287b0a2020202020202020202020207374617475733a20276572726f72272c0a2020202020202020202020206d6573736167653a202777726f6e6720726571756573742064617461270a202020202020202020207d290a2020202020207d290a20207d2c0a0a20206765745461736b496e666f287265712c2072657329207b0a2020202064622e7461736b286173796e632074203d3e207b0a202020202020636f6e7374207461736b496e666f203d2061776169742064622e6f6e6528600a2020202020202020202073656c656374202a2066726f6d207461736b0a202020202020202020207768657265206964203d20245b69645d0a2020202020202020602c207265712e706172616d73290a202020202020636f6e737420736f6c7574696f6e73203d2061776169742064622e616e7928600a2020202020202020202073656c65637420736f6c7574696f6e2e7461736b5f69642c20736f6c7574696f6e2e73747564656e745f69642c2073747564656e742e6e616d652c2073747564656e742e67726f75705f6e756d6265722c206f726967696e616c6974792c20736f6c7574696f6e2e637265617465645f61742c207265666572656e63655f69642066726f6d20736f6c7574696f6e0a20202020202020202020696e6e6572206a6f696e2073747564656e740a202020202020202020206f6e2073747564656e742e6964203d20736f6c7574696f6e2e73747564656e745f69640a20202020202020202020776865726520736f6c7574696f6e2e7461736b5f6964203d20245b69645d0a2020202020202020602c207265712e706172616d73290a202020202020636f6e7374207375626a656374203d2061776169742064622e6f6e6528600a2020202020202020202073656c6563742067726f7570732066726f6d20746561636865725f7375626a6563740a20202020202020202020776865726520746561636865725f6964203d20245b746561636865725f69645d20616e64207375626a6563745f6964203d20245b7375626a6563745f69645d0a202020202020602c207461736b496e666f290a0a2020202020207461736b496e666f2e7375626a65637447726f757073203d207375626a6563742e67726f7570730a2020202020207461736b496e666f2e736f6c7574696f6e73203d20736f6c7574696f6e730a0a20202020202072657475726e207461736b496e666f0a202020207d290a2020202020202e7468656e287461736b203d3e207b0a20202020202020207265732e73746174757328323030290a202020202020202020202e6a736f6e287461736b290a2020202020207d290a2020202020202e6361746368286572726f72203d3e207b0a20202020202020207265732e73746174757328343030290a202020202020202020202e6a736f6e287b0a2020202020202020202020207374617475733a20276572726f72272c0a2020202020202020202020206d6573736167653a202777726f6e6720726571756573742064617461270a202020202020202020207d290a2020202020207d290a20207d2c0a0a20206372656174655461736b287265712c2072657329207b0a2020202064622e6f6e6528600a202020202020696e7365727420696e746f207461736b20286e616d652c20657874732c2067726f7570732c207375626a6563745f69642c20746561636865725f69642c20636865636b5f747970652c20626f756e6429200a20202020202076616c7565732028245b6e616d655d2c20245b657874735d2c20245b67726f7570735d2c20245b7375626a6563745f69645d2c20245b7465616368657249645d2c20245b636865636b547970655d2c20245b626f756e645d290a20202020202072657475726e696e672069640a202020202020602c207265712e626f6479290a2020202020202e7468656e2864617461203d3e207265732e73746174757328323030292e6a736f6e286461746129290a2020202020202e63617463682866756e6374696f6e2865727229207b0a2020202020202020636f6e736f6c652e6c6f6728657272290a20202020202020207265732e73746174757328343030290a202020202020202020202e6a736f6e287b0a2020202020202020202020207374617475733a20276572726f72272c0a2020202020202020202020206d6573736167653a202777726f6e6720726571756573742064617461270a202020202020202020207d290a2020202020207d290a20207d2c0a0a20207570646174655461736b287265712c2072657329207b0a2020202064622e6e6f6e6528600a202020202020757064617465207461736b0a202020202020736574206e616d65203d20245b6e616d655d2c0a2020202020202020202065787473203d20245b657874735d2c0a20202020202020202020636865636b5f74797065203d20245b636865636b5f747970655d2c0a202020202020202020206465736372697074696f6e203d20245b6465736372697074696f6e5d2c0a20202020202020202020626f756e64203d20245b626f756e645d2c0a2020202020202020202067726f757073203d20245b67726f7570735d0a2020202020207768657265206964203d20245b69645d0a20202020602c207265712e626f6479290a2020202020202e7468656e282829203d3e207265732e73746174757328323030292e6a736f6e28276f6b2729290a2020202020202e6361746368286572726f72203d3e207b0a20202020202020207265732e73746174757328343030290a202020202020202020202e6a736f6e287b0a2020202020202020202020207374617475733a20276572726f72272c0a2020202020202020202020206d6573736167653a202777726f6e6720726571756573742064617461270a202020202020202020207d290a2020202020207d290a20207d2c0a0a202064656c6574655461736b287265712c2072657329207b0a2020202064622e6e6f6e6528600a20202020202064656c6574652066726f6d207461736b20636173636164650a2020202020207768657265206964203d20245b69645d0a20202020602c207265712e706172616d73290a2020202020202e7468656e282829203d3e207265732e73746174757328323030292e6a736f6e28276f6b2729290a2020202020202e636174636828657272203d3e207b0a2020202020202020636f6e736f6c652e6c6f6728657272290a20202020202020207265732e73746174757328343030292e6a736f6e28276e6f74206f6b27290a2020202020207d290a20207d2c0a0a2020676574536f6c7574696f6e73287265712c207265732c206e65787429207b0a2020202064622e616e7928600a20202020202073656c65637420736f6c7574696f6e2e69642c20736f6c7574696f6e2e7461736b5f69642c2073747564656e742e6e616d652c2073747564656e742e67726f75705f6e756d6265722c206f726967696e616c6974792066726f6d20736f6c7574696f6e0a202020202020696e6e6572206a6f696e2073747564656e740a2020202020206f6e2073747564656e742e6964203d20736f6c7574696f6e2e73747564656e745f69640a202020202020776865726520736f6c7574696f6e2e7461736b5f6964203d20245b69645d0a20202020602c207265712e706172616d73290a2020202020202e7468656e2864617461203d3e205b0a20202020202020207265732e73746174757328323030290a202020202020202020202e6a736f6e2864617461290a2020202020205d290a2020202020202e6361746368286572726f72203d3e207b0a20202020202020207265732e73746174757328343030290a202020202020202020202e6a736f6e287b0a2020202020202020202020207374617475733a20276572726f72272c0a2020202020202020202020206d6573736167653a202777726f6e6720726571756573742064617461270a202020202020202020207d290a2020202020207d290a20207d2c0a0a202067657453747564656e74536f6c7574696f6e287265712c2072657329207b0a2020202064622e7461736b286173796e632074203d3e207b0a202020202020636f6e73742063757272656e7446696c65203d2061776169742064622e6f6e6528600a202020202020202073656c6563742073747564656e742e6e616d652c2073747564656e742e67726f75705f6e756d6265722061732067726f75702c20736f6c7574696f6e2e66696c652066726f6d20736f6c7574696f6e0a2020202020202020696e6e6572206a6f696e2073747564656e740a20202020202020206f6e2073747564656e742e6964203d20736f6c7574696f6e2e73747564656e745f69640a20202020202020207768657265207461736b5f6964203d20245b7461736b5f69645d20616e642073747564656e745f6964203d20245b73747564656e745f69645d0a202020202020602c207265712e7175657279290a202020202020636f6e7374207265666572656e636546696c65203d207265712e71756572792e7265666572656e63655f69642026262061776169742064622e6f6e6528600a202020202020202073656c6563742073747564656e742e6e616d652c2073747564656e742e67726f75705f6e756d6265722061732067726f75702c20736f6c7574696f6e2e66696c652066726f6d20736f6c7574696f6e0a2020202020202020696e6e6572206a6f696e2073747564656e740a20202020202020206f6e2073747564656e742e6964203d20736f6c7574696f6e2e73747564656e745f69640a2020202020202020776865726520736f6c7574696f6e2e6964203d20245b7265666572656e63655f69645d0a202020202020602c207265712e7175657279290a0a20202020202072657475726e207b0a20202020202020207265666572656e63653a207265666572656e636546696c65203f207b0a202020202020202020207469746c653a2060247b7265666572656e636546696c652e6e616d657d20d0b3d1802e247b7265666572656e636546696c652e67726f75707d602c0a2020202020202020202066696c653a207265666572656e636546696c652e66696c652e746f537472696e6728290a20202020202020207d203a207b0a202020202020202020207469746c653a2027d09fd0bed185d0bed0b6d0b8d0b520d180d0b5d188d0b5d0bdd0b8d18f20d0bed182d181d183d182d181d182d0b2d183d18ed182272c0a2020202020202020202066696c653a2027270a20202020202020207d2c0a202020202020202063757272656e743a207b0a202020202020202020207469746c653a2060247b63757272656e7446696c652e6e616d657d20d0b3d1802e247b63757272656e7446696c652e67726f75707d602c0a2020202020202020202066696c653a2063757272656e7446696c652e66696c652e746f537472696e6728290a20202020202020207d0a2020202020207d0a202020207d290a2020202020202e7468656e2864617461203d3e207b0a20202020202020207265732e73746174757328323030290a202020202020202020202e73656e642864617461290a2020202020207d290a2020202020202e636174636828657272203d3e207b0a2020202020202020636f6e736f6c652e6c6f6728657272290a20202020202020207265732e73746174757328343030290a202020202020202020202e6a736f6e28657272290a2020202020207d290a20207d0a7d290a0a6d6f64756c652e6578706f727473203d20746561636865720a	100.0	2	{4787827f,2ef88218,46dce3c7,2016cd90,6906678b,1583d16b,415ee5e9,1bb39d30,67aaaa23,44e1d5fb,534c501f,5852b088,1aed90a7,1683b561,112a3e61,591c7b9b,4bf2eac0,1bad7b71,15c39f13,2d926b50,6306a8d8,3f6f229f,1c853109,3e46fdb2,b7a1b830,4077aa07,5220717f,8fce0ef3,7c208992,6eac0494,25d64d9a,1a0a3e69,33422fa4,46e1deac,4bf2eac0,1f071b59,3c584a7a,43a137dd,58ec5f30,2954872e,39423ac9,4710d884,15186f0d,75508386,6c0efe4e,2786763d,44993b53,4c86743d,337438f2,9db02cd4,8093bfc1,63cc8b2e,71231a85,2954872e,39423ac9,4710d884,15186f0d,7b7bd6f4,2d954bf7,2dd9909d,3f70e624,66a1ddc8,2954872e,39423ac9,4710d884,15186f0d,ae08a11,c59ac170,8e9c5bbb,876e06e0,15186f0d,3a5975a4,28683f3f,ad3e6444,1ac8319e,17d68574,2954872e,39423ac9,4710d884,15186f0d,6f7b51ca,2da4cf5,2954872e,5c81a09c,46413410,4378d926,19c4a1c3,11ac886a,1eba5c1,3ccb3a66,7eda833e,4077aa07,5220717f,8fce0ef3,7c208992,6eac0494,25d64d9a,1a0a3e69,33422fa4,46e1deac,4bf2eac0,1bad7b71,15c39f13,5003fc49,19dd0e52,15186f0d,3a5975a4,1f6eb12a,31532ac7,5af8abe9,94bfebb4,85c3a61,1ac8319e,17d68574,2954872e,5c81a09c,811db65c,a1f91917,36affe58,29ad2fea,15186f0d,3a5975a4,4a34193e,77452f53,26f52586,15186f0d,25465790,5870bcce,70e36139,11ac886a,503dc8c6,5ce5a7b3,24cd9f1d,1dadbd71,1fa3e35b,7a35c627,974d7024,5220717f,8fce0ef3,4274030,3cbce16b,7f68d1d0,15186f0d,25465790,5870bcce,634d3da5,139ac706,154c3100,7e2278ff,7b51a86f,693c3661,3035466d,43796f94,7b00651c,29864948,810acd32,98bf325f,1d62b835,28d06a2b,2c500c99,a0f3e713,57f95b7f,3eccb2d9,58faeaab,43733cf6,2d2ce7a8,23d4f8e0,3035466d,16e2f379,1af55cd1,1bee6c7e,3b93da24,74567d36,4b2f6bae,19aaadd7,8fd6e0fb,5611d493,18d9ddd,12b46a3b,13c56360,64ff038a,415ee5e9,2881965c,1d2ed3e9,4fb5269,36ea273f,41ad1ee5,148658da,19fe8b97,65a4b88d,6943d5fe,4574aff2,58ec5f30,2954872e,5c81a09c,8dc8a1fe,1518afb5,592e2b37,2ebb11b,3aa74ce6,3cfa3345,75753c15,7752f612,88e72296,69f9d7a4,2954872e,5c81a09c,41a90179,7f15c430,845aac9b,45424a55,28f190dd,b3cedb4f,8e4de35f,6126aa11,20e7c7fe,107bb506,3035466d,43796f94,7b00651c,29864948,810acd32,57954fc9,6f9ef53d,7b00651c,53fc7c1c,3a448234,70618656,1a679fac,19338c09,34f8da49,70726387,6f70e164,5f0783f0,46160a42,2d15b523,23d4f8e0,3035466d,16e2f379,1af55cd1,1bee6c7e,57954fc9,6f9ef53d,7b00651c,504a609c,3094df41,1a4ca3cc,2a4b07bd,c4e67dd1,70726387,68d8e78c,4a8cfe2a,314fc80c,117a30dc,1b4dd8f3,444d809e,8bdc6405,98253578,18d9ddd,12b46a3b,13c56360,64ff038a,415ee5e9,2881965c,1d2ed3e9,4fb5269,8b9ecdd2,482948fa,2800e59e,43fd8f94,157e33f0,6b95c0ac,8457b013,9aced85f,7686dc5a,4ad92834,3302ef84,6a4ed736,66e4105b,3bbbd657,2e291ba1,123fbb32,1c853109,4833b91a,398ce952,8e4de35f,6126aa11,20e7c7fe,107bb506,3035466d,43796f94,7b00651c,29864948,810acd32,3b93da24,330fc99d,57f3c82d,4e13d9fa,179b8e89,4b56638b,60db6b0e,9c9ce9a5,3035466d,16e2f379,1af55cd1,1bee6c7e,57954fc9,6f9ef53d,7b00651c,504a609c,3094df41,1a4ca3cc,2a4b07bd,c4e67dd1,70726387,68d8e78c,4a8cfe2a,314fc80c,117a30dc,1b4dd8f3,444d809e,b34e35bf,a1928ecb,3a127c87,18d9ddd,12b46a3b,13c56360,64ff038a,415ee5e9,2881965c,1d2ed3e9,4fb5269,8b9ecdd2,a7e1c520,65961098,33cb396b,3f6f229f,1c853109,4833b91a,398ce952,8e4de35f,6126aa11,20e7c7fe,107bb506,3035466d,43796f94,7b00651c,29864948,810acd32,3b93da24,330fc99d,57f3c82d,4e13d9fa,179b8e89,4b56638b,60db6b0e,9c9ce9a5,3035466d,16e2f379,1af55cd1,1bee6c7e,57954fc9,6f9ef53d,7b00651c,504a609c,3094df41,1a4ca3cc,2a4b07bd,c4e67dd1,70726387,68d8e78c,4a8cfe2a,314fc80c,117a30dc,1b4dd8f3,444d809e,2a476405,51dcc190,36a1d242,3436261f,4ddf34d8,1583d16b,415ee5e9,1bb39d30,67aaaa23,44e1d5fb,534c501f,5852b088,1aed90a7,4954f2c,1387a6f3,4bf2eac0,1cd2afd1,3285285c,5af8abe9,94bfebb4,85c3a61,79ce5d47,757dc0da,1c853109,4833b91a,398ce952,4077aa07,5220717f,8fce0ef3,7c208992,6eac0494,25d64d9a,1a0a3e69,33422fa4,46e1deac,4bf2eac0,3c525822,23e2890e,7289ba65,14f2fd6e,1d97194b,28c63b8c,35b7b58b,84348791,58761376,14f2fd6e,1304e245,460d1b58,684fa49d,62ff2633,25e4d172,1473c9e6,460d1b58,5a79111d,20e7de0b,43a137dd,5003fc49,7d1de905,8315bad4,460d1b58,23a5a9b9,2786763d,7373d8cf,1ce54682,59eb3562,422c3856,433630a7,5fdb570d,15965482,4af81dd8,14f2fd6e,44cff6d7,24cd9f1d,1dadbd71,26b98035,1d934390,7ff2cc64,1684d515,5750c04d,1f58a1ff,6ad550d0,16281791,7be1b95e,7289ba65,14f2fd6e,2ccad09f,282f335d,63cc8b2e,329b13d0,3a306668,460d1b58,5a5d2b1f,5c87320c,460d1b58,40182f01,21ad0ccb,14f2fd6e,1304e245,460d1b58,78a9fdd0,94f62ce1,ad3e6444,84aca43d,5282e389,702148d2,14f2fd6e,1d97194b,28c63b8c,3b6c3db9,4833b91a,398ce952,4077aa07,5220717f,8fce0ef3,7c208992,6eac0494,4954f2c,1387a6f3,4bf2eac0,5ea8bf04,44993b53,2f8018e4,2bdefbd4,2954872e,39423ac9,4710d884,15186f0d,1003eb98,12760fb1,1ac8319e,17d68574,2954872e,5c81a09c,25b3a9f0,14fa312f,2954872e,5c81a09c,85a59cd3,36affe58,29ad2fea,15186f0d,3a5975a4,4a34193e,77452f53,26f52586,15186f0d,3a5975a4,4a34193e,3af14f91,47df4f48,15186f0d,32272411,4b5272a8,3c9ef2f1,710bcef6,2786763d,3c9ef2f1,4c9058f,6d1967f9,8578deb6,3035466d,43796f94,7b00651c,29864948,810acd32,1afd048c,1d58d139,7f654232,368913ed,179b8e89,4b56638b,60db6b0e,9c9ce9a5,3035466d,16e2f379,1af55cd1,1bee6c7e,57954fc9,6f9ef53d,7b00651c,504a609c,3094df41,1a4ca3cc,2a4b07bd,c4e67dd1,70726387,68d8e78c,4a8cfe2a,314fc80c,117a30dc,1b4dd8f3,444d809e,2d2aa01c,794ab0fe,812f6514,214afb1,38a9629,9f5610af,48c2f537,415ee5e9,1bb39d30,4954f2c,347885a0,4d64a946,19fe8b97,65a4b88d,6943d5fe,49290ad1,2d933668,1c34ac02,398f5fe2,5bc792fa,7854ead3,6a4ed736,7f5fc26e,49357d35,15186f0d,3a5975a4,2ba0f848,248a7aee,2954872e,5c81a09c,50920063,3b003fe0,3ed5c3b,28dc29c9,6a1dae47,888fa94c,49c32340,10f5f7de,1e8e14b,3aa74ce6,3cfa3345,75753c15,7752f612,a50c381e,3c088a36,21a84f87,3002cdab,861d555b,41e88a79,24f1c980,15186f0d,3a5975a4,4a34193e,51a0f923,2954872e,847f2c30,8983c8b1,28b39c5,2d3e043e,3a86b512,1e03773a,76f64376,4bc328b3,4eaee759,12f6055e,212d0a00,7f9ff28f,15efc6f3,398ce952,8e4de35f,6126aa11,41207088,3b12b630,6fa940b0,7b51a86f,693c3661,3035466d,43796f94,7b00651c,29864948,810acd32,98bf325f,1d62b835,28d06a2b,2c500c99,a0f3e713,57f95b7f,3eccb2d9,58faeaab,43733cf6,2d2ce7a8,23d4f8e0,3035466d,16e2f379,1af55cd1,1bee6c7e,57954fc9,6f9ef53d,7b00651c,504a609c,3094df41,1a4ca3cc,2a4b07bd,c4e67dd1,70726387,68d8e78c,4a8cfe2a,314fc80c,117a30dc,1b4dd8f3,444d809e,8bdc6405,98253578,72bc270a,a3abbd4e,9f5610af,48c2f537,415ee5e9,1bb39d30,8b9ecdd2,482948fa,2800e59e,43fd8f94,49d207c2,3991270,396a6b8f,4596e84,8457b013,9aced85f,7686dc5a,683310f9,400c1a8c,398f5fe2,4ec10312,1f8509f8,3b003fe0,3ed5c3b,2607a1fb,1e0f6d37,3ed5c3b,28dc29c9,65db9ea4,6909ac51,1c81873a,32ffd462,2f68bed0,5daf4ad5,6909ac51,1c81873a,32ffd462,7ab1f433,adeb7ff5,a280ee45,4987cbf8,3c001752,4ed36c28,7920f0a,1518afb5,66e4105b,3bbbd657,2e291ba1,123fbb32,1c853109,4833b91a,398ce952,8e4de35f,6126aa11,20e7c7fe,107bb506,3035466d,43796f94,7b00651c,29864948,810acd32,3b93da24,330fc99d,57f3c82d,4e13d9fa,179b8e89,4b56638b,60db6b0e,9c9ce9a5,3035466d,16e2f379,1af55cd1,1bee6c7e,57954fc9,6f9ef53d,7b00651c,504a609c,3094df41,1a4ca3cc,2a4b07bd,c4e67dd1,70726387,68d8e78c,4a8cfe2a,314fc80c,117a30dc,1b4dd8f3,444d809e,b34e35bf,a1928ecb,3a127c87,370e8278,48c2f537,415ee5e9,1bb39d30,8b9ecdd2,a7e1c520,65961098,aac268d1,5af8abe9,62b97bbd,90d725cd,42bfed6e,32565b11,1c853109,4833b91a,398ce952,4077aa07,5220717f,8fce0ef3,798db37f,7840249b,156b098f,3035466d,43796f94,7b00651c,29864948,810acd32,3b93da24,330fc99d,57f3c82d,47a595d1,2c500c99,a0f3e713,57f95b7f,3eccb2d9,58faeaab,43733cf6,2d2ce7a8,23d4f8e0,3035466d,16e2f379,1af55cd1,1bee6c7e,3b93da24,a4c366e0,85d1b560,1c8b93c4,1d1b1da,488e4aca,96bdf40c,796ab6e8,7289ba65,14f2fd6e,28c4c737,6197138b,415ee5e9,2881965c,1d2ed3e9,8db0d19c,38d37d22,1a0a3e69,33422fa4,46e1deac,4bf2eac0,3c525822,23e2890e,7289ba65,14f2fd6e,5ac03fe2,400ceb1,444a59f5,58761376,14f2fd6e,1d97194b,28c63b8c,35b7b58b,25e4d172,1473c9e6,460d1b58,5a79111d,20e7de0b,43a137dd,5003fc49,7d1de905,8315bad4,460d1b58,23a5a9b9,2786763d,7373d8cf,1ce54682,59eb3562,422c3856,433630a7,5fdb570d,615299c7,4ded12a6,107fae21,16281791,7be1b95e,7289ba65,14f2fd6e,2ccad09f,282f335d,63cc8b2e,329b13d0,3a306668,460d1b58,5a5d2b1f,5c87320c,460d1b58,40182f01,21ad0ccb,14f2fd6e,1304e245,460d1b58,78a9fdd0,94f62ce1,ad3e6444,84aca43d,5282e389,702148d2,14f2fd6e,1d97194b,28c63b8c,3b6c3db9,4833b91a,398ce952,4077aa07,5220717f,8fce0ef3,8d59062e,63b55555,9f67730a,7b51a86f,693c3661,3035466d,43796f94,7b00651c,29864948,810acd32,98bf325f,1d62b835,179b8e89,4b56638b,60db6b0e,9c9ce9a5,3035466d,16e2f379,1af55cd1,1bee6c7e,57954fc9,6f9ef53d,7b00651c,504a609c,3094df41,1a4ca3cc,2a4b07bd,c4e67dd1,70726387,68d8e78c,4a8cfe2a,314fc80c,117a30dc,1b4dd8f3,444d809e,2a476405,7340b3bc,147af81f,460d1b58,711fb1fb,796ab6e8,7289ba65,14f2fd6e,365ffdeb,415ee5e9,1bb39d30,67aaaa23,44e1d5fb,534c501f,5852b088,1aed90a7,4954f2c,1387a6f3,4bf2eac0,1157d54,152dd26f,460d1b58,5a79111d,20e7de0b,43a137dd,5003fc49,7d1de905,8315bad4,460d1b58,23a5a9b9,2786763d,7373d8cf,1ce54682,7300f2d4,2b7327fa,97966d14,14679e23,58761376,14f2fd6e,3b893776,21ae964a,425db263,16281791,7be1b95e,7289ba65,14f2fd6e,2ccad09f,282f335d,63cc8b2e,329b13d0,3a306668,460d1b58,5a5d2b1f,5c87320c,460d1b58,40182f01,21ad0ccb,14f2fd6e,1304e245,460d1b58,78a9fdd0,94f62ce1,ad3e6444,1ac8319e,4d59c123,3b6c3db9,22de6de9,3bc9ac39,65dc6112,3dda88a6,41a8cece,16fbd0f4,460d1b58,66942caf,421fc5,24038227,19a3da98,460d1b58,1725a926,398ce952,37709a91,28750c12,1387087,14230185,51e19443,28750c12,39286407,624b54e5,1684d515,5750c04d,a13b3f27,a8bf09ff,a5865237,4954f2c,1387a6f3,4bf2eac0,1157d54,152dd26f,460d1b58,5a79111d,20e7de0b,43a137dd,5003fc49,7d1de905,8315bad4,460d1b58,23a5a9b9,2786763d,7373d8cf,1ce54682,7300f2d4,2b7327fa,97966d14,14679e23,58761376,14f2fd6e,3b893776,21ae964a,425db263,16281791,7be1b95e,7289ba65,14f2fd6e,2ccad09f,282f335d,63cc8b2e,329b13d0,3a306668,460d1b58,5a5d2b1f,5c87320c,460d1b58,40182f01,21ad0ccb,14f2fd6e,1304e245,460d1b58,78a9fdd0,94f62ce1,ad3e6444,84aca43d,5282e389,702148d2,14f2fd6e,541bb7d0,36f5f164,1684d515,5750c04d,a13b3f27,a391de77,398ce952,37709a91,28750c12,1387087,82bfb7fd,1684d515,3bb95404,1a8dd2dd,9b5efcda,1499c39,5159b641,2c69d6fc,2617982e,79adecc1,75542e34,6080f6b9,2786763d,1e478044,10dc85f0,35aaf04d,59a95fe8,6a8ec99d,78d158b4,4ab427aa,480bfcef,8717d956,2d24935c,43e7dd7e,128022b2,82a61317,5c86773d,22be68f4,62dd6a02,3d80a0ba,67d3ae4e,50312e53,10032897,42e8694b,281bf24,440272ba,5cfe3a8,347b0b40,2a53b47c,4a031cae,5c3adeb4,66ec18b6,1499c39,5159b641,2c69d6fc,2617982e,79adecc1,75542e34,6080f6b9,2786763d,1e478044,10dc85f0,35aaf04d,59a95fe8,6a8ec99d,78d158b4,506ef3d7,173d6d20,5675235b,7b51a86f,693c3661,3035466d,43796f94,7b00651c,29864948,4d7ed2ba,37e9b503,1fed1a0d,1d62b835,28d06a2b,2c500c99,a0f3e713,57f95b7f,3eccb2d9,58faeaab,43733cf6,2d2ce7a8,23d4f8e0,3035466d,16e2f379,1af55cd1,1bee6c7e,2152990d,11f1bccf,1be5689e,436a6ea8,ac5d9afc,1aa65edb,2634c5bb}	12	\N	2020-05-31 04:13:43.598001+03	teacher.js
1	5	\N	55.3	2	\N	107	\N	2020-06-03 00:30:03.213831+03	\N
10	8	\\x0a7075626c696320636c617373206d61696e207b0a097075626c69632073746174696320766f6964206d61696e28537472696e675b5d206172677329207b0a090953797374656d2e6f75742e7072696e746c6e28666163746f7269616c28313029293b0a097d0a097075626c69632073746174696320696e7420666163746f7269616c28696e74206e290a202020207b0a0909696e7420726574203d20313b0a2020202020202020666f722028696e742069203d20313b2069203c3d206e3b202b2b692920726574202a3d20693b0a202020202020202072657475726e207265743b0a202020207d0a7d0a	100.0	2	{4303861c,717625c9,24ad8150,3f3ac9bb,3bb43172,430d0239,48d2e9a7,86f81d12,b0ffda98,6807edea,8468cf0e,8373301d,7ca6a3c,663f0c71,717625c9,902629b9,1d3e8b71,656ac87c,7e8b4917,97888fd4,d4883ae0,c6573a06,44c1cd76,b78e5639,45610979,3b248e7f,588dc69c,8307d50c,963b127f,9e93f71d,39af955f,c84eb32a,777ec301,26f1110d}	110	\N	2020-06-16 20:17:46.263625+03	main.java
\.


--
-- Data for Name: student; Type: TABLE DATA; Schema: public; Owner: postgres
--

COPY public.student (id, name, password, group_number, login, created_at) FROM stdin;
1	Середкин Дмитрий Юрьевич	password	6382	test@test.com	2020-05-29 02:26:00.926917+03
3	Костин Сергей Владимирович	password	6382	test1@test.com	2020-05-29 19:30:31.170596+03
4	Петров Иван Николаевич	password	6381	test2@test.com	2020-05-29 19:32:20.157839+03
5	Никитин Георгий	password	6383	test3@test.com	2020-06-03 00:29:59.724671+03
\.


--
-- Data for Name: subject; Type: TABLE DATA; Schema: public; Owner: postgres
--

COPY public.subject (id, name, created_at) FROM stdin;
2	Программирование	2020-05-29 01:45:05.339147+03
8	Алгоритмы и структуры данных	2020-05-29 01:46:53.936201+03
11	Объектно-ориентированное программирование	2020-05-29 01:51:31.415534+03
12	Построение и анализ алгоритмов	2020-05-29 01:51:31.415534+03
13	Web-технологии	2020-05-29 01:51:31.415534+03
14	Компьютерная графика	2020-05-29 01:51:31.415534+03
15	Криптография и защита информации	2020-05-29 01:51:31.415534+03
16	Тестовое задание	2020-06-15 15:49:16.93253+03
17	Testovich	2020-06-15 16:35:19.217323+03
\.


--
-- Data for Name: task; Type: TABLE DATA; Schema: public; Owner: postgres
--

COPY public.task (id, name, exts, groups, subject_id, teacher_id, description, bound, created_at, check_type, group_ids) FROM stdin;
1	Тестовое задание	{.ts,.js}	{6382}	2	1	Описание отсутствует	65	2020-05-29 04:27:38.77476+03	all	{3}
10	Новое задание	{.js,.java}	{6381,6382,6383}	2	1	Описание задачи для того, чтобы объяснить студентам, что загрузить в качестве решения	60	2020-05-29 08:19:39.877944+03	task	{2,3,1}
\.


--
-- Data for Name: teacher; Type: TABLE DATA; Schema: public; Owner: postgres
--

COPY public.teacher (id, name, password, login, created_at) FROM stdin;
1	Иванов Сергей Владимирович	password	test@test.com	2020-05-29 02:07:53.299186+03
3	Горшкова Ирина Дмитрьевна	password	test0@test.com	2020-05-29 04:11:30.80346+03
\.


--
-- Data for Name: teacher_subject; Type: TABLE DATA; Schema: public; Owner: postgres
--

COPY public.teacher_subject (teacher_id, subject_id, groups, created_at, group_ids) FROM stdin;
1	2	{6381,6382,6383}	2020-05-29 02:04:08.466554+03	{1,2,3}
1	11	{6381,6382}	2020-05-29 02:04:08.466554+03	{1,2,3}
1	12	{6381,6383}	2020-05-29 02:04:08.466554+03	{1,2,3}
3	13	{5381}	2020-05-29 04:13:54.459682+03	{1,2,3}
3	15	{5381,5382,5383}	2020-05-29 04:13:54.459682+03	{1,2,3}
1	14	\N	2020-06-16 15:50:40.435091+03	{2,3}
\.


--
-- Data for Name: user_info; Type: TABLE DATA; Schema: public; Owner: postgres
--

COPY public.user_info (id, email, password, name, group_id, access_type, created_at) FROM stdin;
1	test	test	Иванов Николай Сергеевич	\N	teacher	2020-06-12 06:50:22.791033+03
3	a	a	Середкин Дмитрий Юрьевич	1	student	2020-06-12 13:56:05.637165+03
5	b	b	Костин Сергей Владимирович	1	student	2020-06-12 13:56:37.568694+03
7	c	c	Шарыпина Дарья Игоревна	2	student	2020-06-12 13:59:22.93698+03
8	d	d	Камышов Илья Юрьевич	3	student	2020-06-12 13:59:54.733665+03
9	admin	admin	Admin	\N	admin	2020-06-14 15:29:10.022338+03
11	adf	adfadsfa	asdfadsfa	\N	teacher	2020-06-15 15:38:37.80298+03
13	Test	test	test	2	student	2020-06-15 16:36:52.085678+03
\.


--
-- Name: group_number_id_seq; Type: SEQUENCE SET; Schema: public; Owner: postgres
--

SELECT pg_catalog.setval('public.group_number_id_seq', 6, true);


--
-- Name: solution_id_seq; Type: SEQUENCE SET; Schema: public; Owner: postgres
--

SELECT pg_catalog.setval('public.solution_id_seq', 111, true);


--
-- Name: student_id_seq; Type: SEQUENCE SET; Schema: public; Owner: postgres
--

SELECT pg_catalog.setval('public.student_id_seq', 5, true);


--
-- Name: subject_subject_id_seq; Type: SEQUENCE SET; Schema: public; Owner: postgres
--

SELECT pg_catalog.setval('public.subject_subject_id_seq', 17, true);


--
-- Name: task_id_seq; Type: SEQUENCE SET; Schema: public; Owner: postgres
--

SELECT pg_catalog.setval('public.task_id_seq', 17, true);


--
-- Name: teacher_teacher_id_seq; Type: SEQUENCE SET; Schema: public; Owner: postgres
--

SELECT pg_catalog.setval('public.teacher_teacher_id_seq', 3, true);


--
-- Name: user_info_id_seq; Type: SEQUENCE SET; Schema: public; Owner: postgres
--

SELECT pg_catalog.setval('public.user_info_id_seq', 13, true);


--
-- Name: group_number group_number_pkey; Type: CONSTRAINT; Schema: public; Owner: postgres
--

ALTER TABLE ONLY public.group_number
    ADD CONSTRAINT group_number_pkey PRIMARY KEY (id);


--
-- Name: solution solution_pkey; Type: CONSTRAINT; Schema: public; Owner: postgres
--

ALTER TABLE ONLY public.solution
    ADD CONSTRAINT solution_pkey PRIMARY KEY (task_id, student_id);


--
-- Name: student student_login_key; Type: CONSTRAINT; Schema: public; Owner: postgres
--

ALTER TABLE ONLY public.student
    ADD CONSTRAINT student_login_key UNIQUE (login);


--
-- Name: student student_pkey; Type: CONSTRAINT; Schema: public; Owner: postgres
--

ALTER TABLE ONLY public.student
    ADD CONSTRAINT student_pkey PRIMARY KEY (id);


--
-- Name: subject subject_name_key; Type: CONSTRAINT; Schema: public; Owner: postgres
--

ALTER TABLE ONLY public.subject
    ADD CONSTRAINT subject_name_key UNIQUE (name);


--
-- Name: subject subject_pkey; Type: CONSTRAINT; Schema: public; Owner: postgres
--

ALTER TABLE ONLY public.subject
    ADD CONSTRAINT subject_pkey PRIMARY KEY (id);


--
-- Name: task task_name_key; Type: CONSTRAINT; Schema: public; Owner: postgres
--

ALTER TABLE ONLY public.task
    ADD CONSTRAINT task_name_key UNIQUE (name);


--
-- Name: task task_pkey; Type: CONSTRAINT; Schema: public; Owner: postgres
--

ALTER TABLE ONLY public.task
    ADD CONSTRAINT task_pkey PRIMARY KEY (id);


--
-- Name: teacher teacher_login_key; Type: CONSTRAINT; Schema: public; Owner: postgres
--

ALTER TABLE ONLY public.teacher
    ADD CONSTRAINT teacher_login_key UNIQUE (login);


--
-- Name: teacher teacher_pkey; Type: CONSTRAINT; Schema: public; Owner: postgres
--

ALTER TABLE ONLY public.teacher
    ADD CONSTRAINT teacher_pkey PRIMARY KEY (id);


--
-- Name: teacher_subject teacher_subject_pkey; Type: CONSTRAINT; Schema: public; Owner: postgres
--

ALTER TABLE ONLY public.teacher_subject
    ADD CONSTRAINT teacher_subject_pkey PRIMARY KEY (teacher_id, subject_id);


--
-- Name: user_info user_info_email_key; Type: CONSTRAINT; Schema: public; Owner: postgres
--

ALTER TABLE ONLY public.user_info
    ADD CONSTRAINT user_info_email_key UNIQUE (email);


--
-- Name: user_info user_info_pkey; Type: CONSTRAINT; Schema: public; Owner: postgres
--

ALTER TABLE ONLY public.user_info
    ADD CONSTRAINT user_info_pkey PRIMARY KEY (id);


--
-- Name: solution solution_subject_id_fkey; Type: FK CONSTRAINT; Schema: public; Owner: postgres
--

ALTER TABLE ONLY public.solution
    ADD CONSTRAINT solution_subject_id_fkey FOREIGN KEY (subject_id) REFERENCES public.subject(id);


--
-- Name: solution solution_task_id_fkey; Type: FK CONSTRAINT; Schema: public; Owner: postgres
--

ALTER TABLE ONLY public.solution
    ADD CONSTRAINT solution_task_id_fkey FOREIGN KEY (task_id) REFERENCES public.task(id);


--
-- Name: solution solution_user_id_fkey; Type: FK CONSTRAINT; Schema: public; Owner: postgres
--

ALTER TABLE ONLY public.solution
    ADD CONSTRAINT solution_user_id_fkey FOREIGN KEY (student_id) REFERENCES public.user_info(id);


--
-- Name: user_info student_group_fk; Type: FK CONSTRAINT; Schema: public; Owner: postgres
--

ALTER TABLE ONLY public.user_info
    ADD CONSTRAINT student_group_fk FOREIGN KEY (group_id) REFERENCES public.group_number(id);


--
-- Name: task task_subject_id_fkey; Type: FK CONSTRAINT; Schema: public; Owner: postgres
--

ALTER TABLE ONLY public.task
    ADD CONSTRAINT task_subject_id_fkey FOREIGN KEY (subject_id) REFERENCES public.subject(id) ON DELETE CASCADE;


--
-- Name: task task_teacher_id_fkey; Type: FK CONSTRAINT; Schema: public; Owner: postgres
--

ALTER TABLE ONLY public.task
    ADD CONSTRAINT task_teacher_id_fkey FOREIGN KEY (teacher_id) REFERENCES public.teacher(id) ON DELETE CASCADE;


--
-- Name: teacher_subject teacher_subject_subject_id_fkey; Type: FK CONSTRAINT; Schema: public; Owner: postgres
--

ALTER TABLE ONLY public.teacher_subject
    ADD CONSTRAINT teacher_subject_subject_id_fkey FOREIGN KEY (subject_id) REFERENCES public.subject(id) ON DELETE CASCADE;


--
-- Name: teacher_subject teacher_subject_teacher_id_fkey; Type: FK CONSTRAINT; Schema: public; Owner: postgres
--

ALTER TABLE ONLY public.teacher_subject
    ADD CONSTRAINT teacher_subject_teacher_id_fkey FOREIGN KEY (teacher_id) REFERENCES public.teacher(id) ON DELETE CASCADE;


--
-- PostgreSQL database dump complete
--

